"Qty";"Value";"Device";"Package";"Parts";"Description";"ARROW_ELECTRONICS-PURCHASE-URL";"BUILT_BY";"CATEGORY";"COPYRIGHT";"CURRENT_RATING";"DATASHEET_URL";"DESCRIPTION";"DIGI-KEY_PART_NUMBER";"DIGIKEY-PURCHASE-URL";"FAMILY_NAME";"FILTER_TYPE";"GENERIC_PART_NUMBER";"IMPEDANCE_FREQ";"INDUSTRY_STD_PKG_TYPE";"MANUFACTURER";"MANUFACTURER_PART_NUMBER";"MF";"MOUSER-PURCHASE-URL";"MP";"MPN";"OC_FARNELL";"OC_NEWARK";"OPERATING_TEMP";"PACKAGE";"PACKAGE_DESIGNATOR";"PART_STATUS";"PIN_COUNT";"POPULARITY";"PROD_ID";"RATING";"REVERSE_VOLTAGE";"ROHS_COMPLIANT";"SERIES";"SF_ID";"SOURCELIBRARY";"SUB-CATEGORY";"THERMALLOSS";"TOLERANCE";"TYPE";"VALUE";"VENDOR";"VOLTAGE_RATING";
"1";"";"CONN_023.5MM";"SCREWTERMINAL-3.5MM-2";"J7";"Multi connection point. Often used as Generic Header-pin footprint for 0.1 inch spaced/style header connections";"";"";"";"";"";"";"";"";"";"";"";"";"";"";"";"";"";"";"";"";"";"";"";"";"";"";"";"";"CONN-08399";"";"";"";"";"";"";"";"";"";"";"";"";"";
"1";"";"C_CHIP-0402(1005-METRIC)";"CAPC1005X60";"C112";"Capacitor - Generic";"";"";"Capacitor";"";"";"";"";"";"";"";"";"";"";"";"";"";"";"";"";"";"";"";"";"";"";"";"";"";"";"";"";"";"";"";"";"";"";"";"";"";"";"";
"1";"";"GHI-CONNECTORS_10118192-0001LF";"GHI-CONNECTORS_10118192-0001LF(MICRO-USB-B-AMPHENOL-FCI)";"X1";"Amphenol FCI Micro USB Type B Complete Surface Mount (SMT) no guide holes";"";"";"";"";"";"";"";"";"";"";"";"";"";"";"";"";"";"";"";"";"";"";"";"";"";"";"";"";"";"";"";"";"";"";"";"";"";"";"";"";"";"";
"2";"";"LEDCHIP-LED0603";"CHIP-LED0603";"LED1, LED2";"LED";"";"";"";"";"";"";"";"";"";"";"";"";"";"";"";"";"";"";"";"";"";"";"";"";"";"";"";"";"";"";"";"";"";"";"";"";"";"";"";"";"";"";
"2";"";"MOMENTARY-SWITCH-SPST-2-SMD-4.6X2.8MM";"TACTILE_SWITCH_SMD_4.6X2.8MM";"S1, S4";"Momentary Switch (Pushbutton) - SPST - Two Circuits";"";"";"";"";"";"";"";"";"";"";"";"";"";"";"";"";"";"";"";"";"";"";"";"";"";"";"";"";"SWCH-13065";"";"";"";"";"";"";"";"";"";"";"";"";"";
"1";"";"PTCFUSE-1206";"R1206";"F1";"PTC fuses, resettable thermistors";"";"";"";"";"";"";"";"";"";"";"";"";"";"";"";"";"";"";"";"";"";"";"";"";"";"";"";"";"";"";"";"";"";"";"";"";"";"";"";"";"";"";
"1";"";"R_CHIP-0402(1005-METRIC)";"RESC1005X40";"R77";"Resistor Fixed - Generic";"";"";"Resistor";"";"";"";"";"";"";"";"";"";"";"";"";"";"";"";"";"";"";"";"";"";"";"";"";"";"";"";"";"";"";"";"";"Fixed";"";"";"";"";"";"";
"1";"";"XTAL-4-3225";"NX3225";"Q2";"Classic 4-pin 3.2 x 2.5mm crystal";"";"";"";"";"";"";"";"";"";"";"";"";"";"";"";"";"";"";"";"";"";"";"";"";"";"";"";"";"";"";"";"";"";"";"";"";"";"";"";"";"";"";
"5";"0R";"R_CHIP-0402(1005-METRIC)";"RESC1005X40";"R6, R7, R48, R57, R87";"Resistor Fixed - Generic";"";"";"Resistor";"";"";"";"";"";"";"";"";"";"";"";"";"";"";"";"";"";"";"";"";"";"";"";"";"";"";"";"";"";"";"";"";"Fixed";"";"";"";"";"";"";
"2";"0R";"R_CHIP-0603(1608-METRIC)";"RESC1608X60";"R71, R74";"Resistor Fixed - Generic";"";"";"Resistor";"";"";"";"";"";"";"";"";"";"";"";"";"";"";"";"";"";"";"";"";"";"";"";"";"";"";"";"";"";"";"";"";"Fixed";"";"";"";"";"";"";
"1";"10029449-001RLF";"10029449-001RLF";"AMPHENOL_10029449-001RLF";"J10";"Connector, Hdmi Type a, Receptacle, 19 Position, Full Ree";"https://snapeda.com/shop?store=Arrow+Electronics&id=1592408";"";"";"";"";"";" HDMI HDMI 1.4 Receptacle Connector 19 Position Surface Mount, Right Angle";" Through Hole ";"609-1010-1-ND";"https://snapeda.com/shop?store=DigiKey&id=1592408";"";"";"";"";"";"";"";"Amphenol ICC";"https://snapeda.com/shop?store=Mouser&id=1592408";"10029449-001RLF";"";"";"";"";"None";"";"";"";"";"";"";"";"";"";"";"";"";"";"";"";"";"";
"1";"100k";"R_CHIP-0402(1005-METRIC)";"RESC1005X40";"R4";"Resistor Fixed - Generic";"";"";"Resistor";"";"";"";"";"";"";"";"";"";"";"";"";"";"";"";"";"";"";"";"";"";"";"";"";"";"";"";"";"";"";"";"";"Fixed";"";"";"";"";"";"";
"41";"100nF";"C_CHIP-0402(1005-METRIC)";"CAPC1005X60";"C1, C2, C3, C4, C5, C6, C7, C8, C9, C10, C11, C12, C13, C14, C15, C16, C17, C18, C19, C20, C21, C22, C23, C24, C25, C26, C27, C28, C33, C34, C35, C36, C39, C40, C41, C45, C50, C62, C103, C104, C110";"Capacitor - Generic";"";"";"Capacitor";"";"";"";"";"";"";"";"";"";"";"";"";"";"";"";"";"";"";"";"";"";"";"";"";"";"";"";"";"";"";"";"";"";"";"";"";"";"";"";
"2";"100nF";"C_CHIP-0603(1608-METRIC)";"CAPC1608X85";"C98, C106";"Capacitor - Generic";"";"";"Capacitor";"";"";"";"";"";"";"";"";"";"";"";"";"";"";"";"";"";"";"";"";"";"";"";"";"";"";"";"";"";"";"";"";"";"";"";"";"";"";"";
"6";"10K";"R_CHIP-0402(1005-METRIC)";"RESC1005X40";"R31, R32, R33, R34, R54, R55";"Resistor Fixed - Generic";"";"";"Resistor";"";"";"";"";"";"";"";"";"";"";"";"";"";"";"";"";"";"";"";"";"";"";"";"";"";"";"";"";"";"";"";"";"Fixed";"";"";"";"";"";"";
"4";"10R";"R_CHIP-0402(1005-METRIC)";"RESC1005X40";"R45, R60, R68, R70";"Resistor Fixed - Generic";"";"";"Resistor";"";"";"";"";"";"";"";"";"";"";"";"";"";"";"";"";"";"";"";"";"";"";"";"";"";"";"";"";"";"";"";"";"Fixed";"";"";"";"";"";"";
"48";"10k";"R_CHIP-0402(1005-METRIC)";"RESC1005X40";"R1, R2, R9, R10, R11, R12, R13, R14, R15, R16, R17, R18, R19, R20, R21, R22, R23, R24, R25, R26, R27, R28, R29, R30, R38, R39, R40, R49, R50, R51, R53, R56, R58, R59, R61, R62, R63, R66, R72, R73, R75, R79, R80, R81, R82, R83, R84, R85";"Resistor Fixed - Generic";"";"";"Resistor";"";"";"";"";"";"";"";"";"";"";"";"";"";"";"";"";"";"";"";"";"";"";"";"";"";"";"";"";"";"";"";"";"Fixed";"";"";"";"";"";"";
"6";"10uF";"C_CHIP-0402(1005-METRIC)";"CAPC1005X60";"C30, C31, C32, C44, C54, C58";"Capacitor - Generic";"";"";"Capacitor";"";"";"";"";"";"";"";"";"";"";"";"";"";"";"";"";"";"";"";"";"";"";"";"";"";"";"";"";"";"";"";"";"";"";"";"";"";"";"";
"3";"10uF";"C_CHIP-0805(2012-METRIC)";"CAPC2012X110";"C55, C56, C57";"Capacitor - Generic";"";"";"Capacitor";"";"";"";"";"";"";"";"";"";"";"";"";"";"";"";"";"";"";"";"";"";"";"";"";"";"";"";"";"";"";"";"";"";"";"";"";"";"";"";
"1";"12.1k";"R_CHIP-0402(1005-METRIC)";"RESC1005X40";"R46";"Resistor Fixed - Generic";"";"";"Resistor";"";"";"";"";"";"";"";"";"";"";"";"";"";"";"";"";"";"";"";"";"";"";"";"";"";"";"";"";"";"";"";"";"Fixed";"";"";"";"";"";"";
"1";"120uF";"C_CHIP-0603(1608-METRIC)";"CAPC1608X85";"C99";"Capacitor - Generic";"";"";"Capacitor";"";"";"";"";"";"";"";"";"";"";"";"";"";"";"";"";"";"";"";"";"";"";"";"";"";"";"";"";"";"";"";"";"";"";"";"";"";"";"";
"4";"18pF";"C_CHIP-0402(1005-METRIC)";"CAPC1005X60";"C46, C47, C48, C60";"Capacitor - Generic";"";"";"Capacitor";"";"";"";"";"";"";"";"";"";"";"";"";"";"";"";"";"";"";"";"";"";"";"";"";"";"";"";"";"";"";"";"";"";"";"";"";"";"";"";
"1";"18uH";"L_CHIP-1008(2520-METRIC)";"INDC2520X120N";"L4";"Inductor Fixed - Generic";"";"";"Inductor";"";"";"";"";"";"";"";"";"";"";"";"";"";"";"";"";"";"";"";"";"";"";"";"";"";"";"";"";"";"";"";"";"Fixed";"";"";"";"";"";"";
"1";"1M";"R_CHIP-0402(1005-METRIC)";"RESC1005X40";"R8";"Resistor Fixed - Generic";"";"";"Resistor";"";"";"";"";"";"";"";"";"";"";"";"";"";"";"";"";"";"";"";"";"";"";"";"";"";"";"";"";"";"";"";"";"Fixed";"";"";"";"";"";"";
"1";"1k";"R_CHIP-0402(1005-METRIC)";"RESC1005X40";"R47";"Resistor Fixed - Generic";"";"";"Resistor";"";"";"";"";"";"";"";"";"";"";"";"";"";"";"";"";"";"";"";"";"";"";"";"";"";"";"";"";"";"";"";"";"Fixed";"";"";"";"";"";"";
"26";"1uF";"C_CHIP-0402(1005-METRIC)";"CAPC1005X60";"C42, C43, C49, C51, C52, C63, C80, C81, C82, C83, C87, C88, C89, C90, C91, C92, C93, C94, C95, C96, C100, C101, C102, C108, C109, C111";"Capacitor - Generic";"";"";"Capacitor";"";"";"";"";"";"";"";"";"";"";"";"";"";"";"";"";"";"";"";"";"";"";"";"";"";"";"";"";"";"";"";"";"";"";"";"";"";"";"";
"2";"1uF";"C_CHIP-0603(1608-METRIC)";"CAPC1608X85";"C84, C105";"Capacitor - Generic";"";"";"Capacitor";"";"";"";"";"";"";"";"";"";"";"";"";"";"";"";"";"";"";"";"";"";"";"";"";"";"";"";"";"";"";"";"";"";"";"";"";"";"";"";
"2";"2.2uF";"C_CHIP-0402(1005-METRIC)";"CAPC1005X60";"C59, C97";"Capacitor - Generic";"";"";"Capacitor";"";"";"";"";"";"";"";"";"";"";"";"";"";"";"";"";"";"";"";"";"";"";"";"";"";"";"";"";"";"";"";"";"";"";"";"";"";"";"";
"3";"2.2uH";"L_CHIP-1008(2520-METRIC)";"INDC2520X120N";"L1, L2, L3";"Inductor Fixed - Generic";"";"";"Inductor";"";"";"";"";"";"";"";"";"";"";"";"";"";"";"";"";"";"";"";"";"";"";"";"";"";"";"";"";"";"";"";"";"Fixed";"";"";"";"";"";"";
"1";"22nF";"C_CHIP-0402(1005-METRIC)";"CAPC1005X60";"C61";"Capacitor - Generic";"";"";"Capacitor";"";"";"";"";"";"";"";"";"";"";"";"";"";"";"";"";"";"";"";"";"";"";"";"";"";"";"";"";"";"";"";"";"";"";"";"";"";"";"";
"1";"22uF";"C_CHIP-0402(1005-METRIC)";"CAPC1005X60";"C86";"Capacitor - Generic";"";"";"Capacitor";"";"";"";"";"";"";"";"";"";"";"";"";"";"";"";"";"";"";"";"";"";"";"";"";"";"";"";"";"";"";"";"";"";"";"";"";"";"";"";
"1";"22uF";"C_CHIP-0603(1608-METRIC)";"CAPC1608X85";"C107";"Capacitor - Generic";"";"";"Capacitor";"";"";"";"";"";"";"";"";"";"";"";"";"";"";"";"";"";"";"";"";"";"";"";"";"";"";"";"";"";"";"";"";"";"";"";"";"";"";"";
"2";"270R";"R_CHIP-0402(1005-METRIC)";"RESC1005X40";"R3, R37";"Resistor Fixed - Generic";"";"";"Resistor";"";"";"";"";"";"";"";"";"";"";"";"";"";"";"";"";"";"";"";"";"";"";"";"";"";"";"";"";"";"";"";"";"Fixed";"";"";"";"";"";"";
"1";"3.3V";"V_REG_AP2112K-3.3V";"SOT23-5";"U6";"AP2112 - 600mA CMOS LDO Regulator w/ Enable";"";"";"";"";"";"";"";"";"";"";"";"";"";"";"";"";"";"";"";"";"";"";"";"";"";"";"";"";"VREG-12457";"";"";"";"";"";"";"";"";"";"";"3.3V";"";"";
"1";"30POS";"30POS";"30-POS";"U$3";"";"";"";"";"";"";"";"";"";"";"";"";"";"";"";"";"";"";"";"";"";"";"";"";"";"";"";"";"";"";"";"";"";"";"";"";"";"";"";"";"";"";"";
"1";"32.768kHz";"CRYSTAL-32.768KHZSMD-3.2X1.5";"CRYSTAL-SMD-3.2X1.5MM";"Y2";"32.768kHz Crystal";"";"";"";"";"";"";"";"";"";"";"";"";"";"";"";"";"";"";"";"";"";"";"";"";"";"";"";"";"XTAL-13062";"";"";"";"";"";"";"";"";"";"";"32.768kHz";"";"";
"9";"33R";"R_CHIP-0402(1005-METRIC)";"RESC1005X40";"R5, R35, R36, R64, R65, R69, R76, R86, R88";"Resistor Fixed - Generic";"";"";"Resistor";"";"";"";"";"";"";"";"";"";"";"";"";"";"";"";"";"";"";"";"";"";"";"";"";"";"";"";"";"";"";"";"";"Fixed";"";"";"";"";"";"";
"1";"4.7K";"R_CHIP-0402(1005-METRIC)";"RESC1005X40";"R52";"Resistor Fixed - Generic";"";"";"Resistor";"";"";"";"";"";"";"";"";"";"";"";"";"";"";"";"";"";"";"";"";"";"";"";"";"";"";"";"";"";"";"";"";"Fixed";"";"";"";"";"";"";
"2";"4.7k";"R_CHIP-0603(1608-METRIC)";"RESC1608X60";"R67, R78";"Resistor Fixed - Generic";"";"";"Resistor";"";"";"";"";"";"";"";"";"";"";"";"";"";"";"";"";"";"";"";"";"";"";"";"";"";"";"";"";"";"";"";"";"Fixed";"";"";"";"";"";"";
"2";"4.7uF";"C_CHIP-0402(1005-METRIC)";"CAPC1005X60";"C53, C85";"Capacitor - Generic";"";"";"Capacitor";"";"";"";"";"";"";"";"";"";"";"";"";"";"";"";"";"";"";"";"";"";"";"";"";"";"";"";"";"";"";"";"";"";"";"";"";"";"";"";
"16";"47pF";"C_CHIP-0402(1005-METRIC)";"CAPC1005X60";"C64, C65, C66, C67, C68, C69, C70, C71, C72, C73, C74, C75, C76, C77, C78, C79";"Capacitor - Generic";"";"";"Capacitor";"";"";"";"";"";"";"";"";"";"";"";"";"";"";"";"";"";"";"";"";"";"";"";"";"";"";"";"";"";"";"";"";"";"";"";"";"";"";"";
"5";"49.9R";"R_CHIP-0402(1005-METRIC)";"RESC1005X40";"R41, R42, R43, R44, R89";"Resistor Fixed - Generic";"";"";"Resistor";"";"";"";"";"";"";"";"";"";"";"";"";"";"";"";"";"";"";"";"";"";"";"";"";"";"";"";"";"";"";"";"";"Fixed";"";"";"";"";"";"";
"1";"AM335_EX";"AM335_EX";"AM3354_SMALL_PADS";"U$1";"";"";"";"";"";"";"";"";"";"";"";"";"";"";"";"";"";"";"";"";"";"";"";"";"";"";"";"";"";"";"";"";"";"";"";"";"";"";"";"";"";"";"";
"1";"ASDMB-24.576MHZ-LC-T";"ASDMB-24.576MHZ-LC-T";"ASDMB";"Y1";"";"";"EMA_UL_Team";"";"";"";"";"";"";"";"";"";"";"";"";"";"ASDMB-24.576MHZ-LC-T";"";"";"";"";"";"";"";"";"";"";"";"";"";"";"";"";"";"";"Abracon_2012_11_16_ASDMB_Series";"";"";"";"";"";"Abracon";"";
"2";"DSC1003CI2-050.0000";"DSC1003CI2-050.0000";"CDFN4_3P2X2P5_MCH";"U7, U9";"";"";"EMA_Jessica";"";"Copyright (C) 2018 Accelerated Designs. All rights reserved";"";"";"";"";"";"";"";"";"";"";"";"DSC1003CI2-050.0000";"";"";"";"";"";"";"";"";"";"";"";"";"";"";"";"";"";"";"Microchip_2019-08-23_23";"";"";"";"";"";"Microchip";"";
"1";"FBCHIP-0603(1608-METRIC)";"FBCHIP-0603(1608-METRIC)";"BEADC1608X95N";"U$4";"Ferrite Bead - Generic";"";"";"Filter";"";"";"";"";"";"";"";"";"";"";"";"";"";"";"";"";"";"";"";"";"";"";"";"";"";"";"";"";"";"";"";"";"Ferrite bead";"";"";"";"";"";"";
"1";"LAN8710AI-EZK-TR";"LAN8710AI-EZK-TR";"QFN32_5X5MC_MCH";"U4";"";"";"EMA_Jessica";"";"Copyright (C) 2018 Accelerated Designs. All rights reserved";"";"";"";"";"";"";"";"";"";"";"";"LAN8710AI-EZK-TR";"";"";"";"";"";"";"";"";"";"";"";"";"";"";"";"";"";"";"Microchip_2019-08-23_2";"";"";"";"";"";"Microchip";"";
"1";"MAGJACK";"MAGJACK";"MAGJACK";"J1";"MAGJACK: RJ-45 with LEDs";"";"";"";"";"";"";"";"";"";"";"";"";"";"";"";"";"";"";"";"";"";"";"";"";"";"";"";"";"CONN-09556";"";"";"";"";"PRT-08534";"";"";"";"";"";"";"";"";
"1";"MICROSD";"MICROSD";"MICROSD";"U$2";"Micro-SD / Transflash card holder with SPI pinout";"";"";"";"";"";"";"";"";"";"";"";"";"";"";"";"";"";"";"";"";"";"";"";"";"";"";"";"";"";"";"";"";"";"";"";"";"";"";"";"";"";"";
"4";"MOUNT-HOLE3.2";"MOUNT-HOLE3.2";"3,2";"H1, H2, H3, H4";"MOUNTING HOLE with drill center marker";"";"";"";"";"";"";"";"";"";"";"";"";"";"";"";"";"";"";"";"";"";"";"";"";"";"";"";"7";"";"";"";"";"";"";"";"";"";"";"";"";"";"";
"1";"MT29F8G08DAA";"MT29F8G08DAA";"TSOP48";"IC1";"4Gb, 8Gb, and 16Gb x8 NAND Flash Memory";"";"";"";"";"";"";"";"";"";"";"";"";"";"";"";"";"";"";"";"";"unknown";"unknown";"";"";"";"";"";"";"";"";"";"";"";"";"";"";"";"";"";"";"";"";
"1";"MT41K256M16HA-125:E";"MT41K256M16HA-125:E";"FBGA96_9X14_MRN";"U5";"";"";"EMA_Jessica";"";"Copyright (C) 2016 Accelerated Designs. All rights reserved";"";"";"";"";"";"";"";"";"";"";"";"MT41K256M16HA-125:E";"";"";"";"";"";"";"";"";"";"";"";"";"";"";"";"";"";"";"Micron_2018-04-06";"";"";"";"";"";"Micron";"";
"2";"SN74LVC1G07DRLR";"SN74LVC1G07DRLR";"DRL5";"U8, U10";"";"";"";"";"";"";"http://www.ti.com/lit/gpn/SN74LVC1G07";"Single Buffer/Driver With Open-Drain Output";"";"";"LL BUFFER AND DRIVER WITH OPEN-DRAIN OUTPUT";"";"SN74LVC1G07";"";"SOT";"Texas Instruments";"SN74LVC1G07DRLR";"";"";"";"";"";"";"";"";"DRL";"";"5";"";"";"";"";"";"";"";"";"";"";"";"";"";"Texas Instruments";"";
"1";"TDA19988BHN/C1,557";"TDA19988BHN/C1,557";"QFN50P900X900X100-65N";"U1";"Video IC 64-HVQFN (9x9) Package";"https://snapeda.com/shop?store=Arrow+Electronics&id=526020";"";"";"";"";"";" Video Transmitter IC IÂ²S HDMI 1.4a, ITU656 64-HVQFN (9x9) Package ";"568-12059-ND";"https://snapeda.com/shop?store=DigiKey&id=526020";"";"";"";"";"";"";"";"NXP USA";"https://snapeda.com/shop?store=Mouser&id=526020";"TDA19988BHN/C1,557";"";"";"";"";"HVQFN-64 NXP Semiconductors";"";"";"";"";"";"";"";"";"";"";"";"";"";"";"";"";"";"";
"1";"TPS2051D";"TPS2051D";"D8_TEX";"U2";"";"";"EMA_UL_Team";"";"";"";"";"";"";"";"";"";"";"";"";"Texas Instruments";"TPS2051D";"";"";"";"";"";"";"";"";"";"";"";"";"";"";"";"";"";"";"TI_2015-1-6";"";"";"";"";"";"Texas Instruments";"";
"1";"TPS65217ARSLR";"TPS65217ARSLR";"RSL48_4P05X4P05";"U3";"";"";"";"";"";"";"";"";"";"";"";"";"";"";"";"";"TPS65217ARSLR";"";"";"";"";"";"";"";"";"";"";"";"";"";"";"";"";"";"";"";"";"";"";"";"";"TEXAS INSTRUMENTS";"";
"1";"UART0";"CONN_04";"1X04";"J4";"Multi connection point. Often used as Generic Header-pin footprint for 0.1 inch spaced/style header connections";"";"";"";"";"";"";"";"";"";"";"";"";"";"";"";"";"";"";"";"";"";"";"";"";"";"";"";"";"CONN-09696";"";"";"";"";"";"";"";"";"";"";"";"";"";
"1";"USB_A_SMT_FEMALE";"USB_A_SMT_FEMALE";"USB-A-S-SILK-FEMALE";"J2";"USB-A Connector";"";"";"";"";"";"";"";"";"";"";"";"";"";"";"";"";"";"";"";"";"";"";"";"";"";"";"";"";"CONN-09520";"";"";"";"";"PRT-09011";"";"";"";"";"";"";"";"";
