"Part";"Value";"Device";"Package";"Description";"ARROW_ELECTRONICS-PURCHASE-URL";"BUILT_BY";"CATEGORY";"COPYRIGHT";"CURRENT_RATING";"DATASHEET_URL";"DESCRIPTION";"DIGI-KEY_PART_NUMBER";"DIGIKEY-PURCHASE-URL";"FAMILY_NAME";"FILTER_TYPE";"GENERIC_PART_NUMBER";"IMPEDANCE_FREQ";"INDUSTRY_STD_PKG_TYPE";"MANUFACTURER";"MANUFACTURER_PART_NUMBER";"MF";"MOUSER-PURCHASE-URL";"MP";"MPN";"OC_FARNELL";"OC_NEWARK";"OPERATING_TEMP";"PACKAGE";"PACKAGE_DESIGNATOR";"PART_STATUS";"PIN_COUNT";"POPULARITY";"PROD_ID";"RATING";"REVERSE_VOLTAGE";"ROHS_COMPLIANT";"SERIES";"SF_ID";"SOURCELIBRARY";"SUB-CATEGORY";"THERMALLOSS";"TOLERANCE";"TYPE";"VALUE";"VENDOR";"VOLTAGE_RATING";
"C1";"100nF";"C_CHIP-0402(1005-METRIC)";"CAPC1005X60";"Capacitor - Generic";"";"";"Capacitor";"";"";"";"";"";"";"";"";"";"";"";"";"";"";"";"";"";"";"";"";"";"";"";"";"";"";"";"";"";"";"";"";"";"";"";"";"";"";"";
"C2";"100nF";"C_CHIP-0402(1005-METRIC)";"CAPC1005X60";"Capacitor - Generic";"";"";"Capacitor";"";"";"";"";"";"";"";"";"";"";"";"";"";"";"";"";"";"";"";"";"";"";"";"";"";"";"";"";"";"";"";"";"";"";"";"";"";"";"";
"C3";"100nF";"C_CHIP-0402(1005-METRIC)";"CAPC1005X60";"Capacitor - Generic";"";"";"Capacitor";"";"";"";"";"";"";"";"";"";"";"";"";"";"";"";"";"";"";"";"";"";"";"";"";"";"";"";"";"";"";"";"";"";"";"";"";"";"";"";
"C4";"100nF";"C_CHIP-0402(1005-METRIC)";"CAPC1005X60";"Capacitor - Generic";"";"";"Capacitor";"";"";"";"";"";"";"";"";"";"";"";"";"";"";"";"";"";"";"";"";"";"";"";"";"";"";"";"";"";"";"";"";"";"";"";"";"";"";"";
"C5";"100nF";"C_CHIP-0402(1005-METRIC)";"CAPC1005X60";"Capacitor - Generic";"";"";"Capacitor";"";"";"";"";"";"";"";"";"";"";"";"";"";"";"";"";"";"";"";"";"";"";"";"";"";"";"";"";"";"";"";"";"";"";"";"";"";"";"";
"C6";"100nF";"C_CHIP-0402(1005-METRIC)";"CAPC1005X60";"Capacitor - Generic";"";"";"Capacitor";"";"";"";"";"";"";"";"";"";"";"";"";"";"";"";"";"";"";"";"";"";"";"";"";"";"";"";"";"";"";"";"";"";"";"";"";"";"";"";
"C7";"100nF";"C_CHIP-0402(1005-METRIC)";"CAPC1005X60";"Capacitor - Generic";"";"";"Capacitor";"";"";"";"";"";"";"";"";"";"";"";"";"";"";"";"";"";"";"";"";"";"";"";"";"";"";"";"";"";"";"";"";"";"";"";"";"";"";"";
"C8";"100nF";"C_CHIP-0402(1005-METRIC)";"CAPC1005X60";"Capacitor - Generic";"";"";"Capacitor";"";"";"";"";"";"";"";"";"";"";"";"";"";"";"";"";"";"";"";"";"";"";"";"";"";"";"";"";"";"";"";"";"";"";"";"";"";"";"";
"C9";"100nF";"C_CHIP-0402(1005-METRIC)";"CAPC1005X60";"Capacitor - Generic";"";"";"Capacitor";"";"";"";"";"";"";"";"";"";"";"";"";"";"";"";"";"";"";"";"";"";"";"";"";"";"";"";"";"";"";"";"";"";"";"";"";"";"";"";
"C10";"100nF";"C_CHIP-0402(1005-METRIC)";"CAPC1005X60";"Capacitor - Generic";"";"";"Capacitor";"";"";"";"";"";"";"";"";"";"";"";"";"";"";"";"";"";"";"";"";"";"";"";"";"";"";"";"";"";"";"";"";"";"";"";"";"";"";"";
"C11";"100nF";"C_CHIP-0402(1005-METRIC)";"CAPC1005X60";"Capacitor - Generic";"";"";"Capacitor";"";"";"";"";"";"";"";"";"";"";"";"";"";"";"";"";"";"";"";"";"";"";"";"";"";"";"";"";"";"";"";"";"";"";"";"";"";"";"";
"C12";"100nF";"C_CHIP-0402(1005-METRIC)";"CAPC1005X60";"Capacitor - Generic";"";"";"Capacitor";"";"";"";"";"";"";"";"";"";"";"";"";"";"";"";"";"";"";"";"";"";"";"";"";"";"";"";"";"";"";"";"";"";"";"";"";"";"";"";
"C13";"100nF";"C_CHIP-0402(1005-METRIC)";"CAPC1005X60";"Capacitor - Generic";"";"";"Capacitor";"";"";"";"";"";"";"";"";"";"";"";"";"";"";"";"";"";"";"";"";"";"";"";"";"";"";"";"";"";"";"";"";"";"";"";"";"";"";"";
"C14";"100nF";"C_CHIP-0402(1005-METRIC)";"CAPC1005X60";"Capacitor - Generic";"";"";"Capacitor";"";"";"";"";"";"";"";"";"";"";"";"";"";"";"";"";"";"";"";"";"";"";"";"";"";"";"";"";"";"";"";"";"";"";"";"";"";"";"";
"C15";"100nF";"C_CHIP-0402(1005-METRIC)";"CAPC1005X60";"Capacitor - Generic";"";"";"Capacitor";"";"";"";"";"";"";"";"";"";"";"";"";"";"";"";"";"";"";"";"";"";"";"";"";"";"";"";"";"";"";"";"";"";"";"";"";"";"";"";
"C16";"100nF";"C_CHIP-0402(1005-METRIC)";"CAPC1005X60";"Capacitor - Generic";"";"";"Capacitor";"";"";"";"";"";"";"";"";"";"";"";"";"";"";"";"";"";"";"";"";"";"";"";"";"";"";"";"";"";"";"";"";"";"";"";"";"";"";"";
"C17";"100nF";"C_CHIP-0402(1005-METRIC)";"CAPC1005X60";"Capacitor - Generic";"";"";"Capacitor";"";"";"";"";"";"";"";"";"";"";"";"";"";"";"";"";"";"";"";"";"";"";"";"";"";"";"";"";"";"";"";"";"";"";"";"";"";"";"";
"C18";"100nF";"C_CHIP-0402(1005-METRIC)";"CAPC1005X60";"Capacitor - Generic";"";"";"Capacitor";"";"";"";"";"";"";"";"";"";"";"";"";"";"";"";"";"";"";"";"";"";"";"";"";"";"";"";"";"";"";"";"";"";"";"";"";"";"";"";
"C19";"100nF";"C_CHIP-0402(1005-METRIC)";"CAPC1005X60";"Capacitor - Generic";"";"";"Capacitor";"";"";"";"";"";"";"";"";"";"";"";"";"";"";"";"";"";"";"";"";"";"";"";"";"";"";"";"";"";"";"";"";"";"";"";"";"";"";"";
"C20";"100nF";"C_CHIP-0402(1005-METRIC)";"CAPC1005X60";"Capacitor - Generic";"";"";"Capacitor";"";"";"";"";"";"";"";"";"";"";"";"";"";"";"";"";"";"";"";"";"";"";"";"";"";"";"";"";"";"";"";"";"";"";"";"";"";"";"";
"C21";"100nF";"C_CHIP-0402(1005-METRIC)";"CAPC1005X60";"Capacitor - Generic";"";"";"Capacitor";"";"";"";"";"";"";"";"";"";"";"";"";"";"";"";"";"";"";"";"";"";"";"";"";"";"";"";"";"";"";"";"";"";"";"";"";"";"";"";
"C22";"100nF";"C_CHIP-0402(1005-METRIC)";"CAPC1005X60";"Capacitor - Generic";"";"";"Capacitor";"";"";"";"";"";"";"";"";"";"";"";"";"";"";"";"";"";"";"";"";"";"";"";"";"";"";"";"";"";"";"";"";"";"";"";"";"";"";"";
"C23";"100nF";"C_CHIP-0402(1005-METRIC)";"CAPC1005X60";"Capacitor - Generic";"";"";"Capacitor";"";"";"";"";"";"";"";"";"";"";"";"";"";"";"";"";"";"";"";"";"";"";"";"";"";"";"";"";"";"";"";"";"";"";"";"";"";"";"";
"C24";"100nF";"C_CHIP-0402(1005-METRIC)";"CAPC1005X60";"Capacitor - Generic";"";"";"Capacitor";"";"";"";"";"";"";"";"";"";"";"";"";"";"";"";"";"";"";"";"";"";"";"";"";"";"";"";"";"";"";"";"";"";"";"";"";"";"";"";
"C25";"100nF";"C_CHIP-0402(1005-METRIC)";"CAPC1005X60";"Capacitor - Generic";"";"";"Capacitor";"";"";"";"";"";"";"";"";"";"";"";"";"";"";"";"";"";"";"";"";"";"";"";"";"";"";"";"";"";"";"";"";"";"";"";"";"";"";"";
"C26";"100nF";"C_CHIP-0402(1005-METRIC)";"CAPC1005X60";"Capacitor - Generic";"";"";"Capacitor";"";"";"";"";"";"";"";"";"";"";"";"";"";"";"";"";"";"";"";"";"";"";"";"";"";"";"";"";"";"";"";"";"";"";"";"";"";"";"";
"C27";"100nF";"C_CHIP-0402(1005-METRIC)";"CAPC1005X60";"Capacitor - Generic";"";"";"Capacitor";"";"";"";"";"";"";"";"";"";"";"";"";"";"";"";"";"";"";"";"";"";"";"";"";"";"";"";"";"";"";"";"";"";"";"";"";"";"";"";
"C28";"100nF";"C_CHIP-0402(1005-METRIC)";"CAPC1005X60";"Capacitor - Generic";"";"";"Capacitor";"";"";"";"";"";"";"";"";"";"";"";"";"";"";"";"";"";"";"";"";"";"";"";"";"";"";"";"";"";"";"";"";"";"";"";"";"";"";"";
"C30";"10uF";"C_CHIP-0402(1005-METRIC)";"CAPC1005X60";"Capacitor - Generic";"";"";"Capacitor";"";"";"";"";"";"";"";"";"";"";"";"";"";"";"";"";"";"";"";"";"";"";"";"";"";"";"";"";"";"";"";"";"";"";"";"";"";"";"";
"C31";"10uF";"C_CHIP-0402(1005-METRIC)";"CAPC1005X60";"Capacitor - Generic";"";"";"Capacitor";"";"";"";"";"";"";"";"";"";"";"";"";"";"";"";"";"";"";"";"";"";"";"";"";"";"";"";"";"";"";"";"";"";"";"";"";"";"";"";
"C32";"10uF";"C_CHIP-0402(1005-METRIC)";"CAPC1005X60";"Capacitor - Generic";"";"";"Capacitor";"";"";"";"";"";"";"";"";"";"";"";"";"";"";"";"";"";"";"";"";"";"";"";"";"";"";"";"";"";"";"";"";"";"";"";"";"";"";"";
"C33";"100nF";"C_CHIP-0402(1005-METRIC)";"CAPC1005X60";"Capacitor - Generic";"";"";"Capacitor";"";"";"";"";"";"";"";"";"";"";"";"";"";"";"";"";"";"";"";"";"";"";"";"";"";"";"";"";"";"";"";"";"";"";"";"";"";"";"";
"C34";"100nF";"C_CHIP-0402(1005-METRIC)";"CAPC1005X60";"Capacitor - Generic";"";"";"Capacitor";"";"";"";"";"";"";"";"";"";"";"";"";"";"";"";"";"";"";"";"";"";"";"";"";"";"";"";"";"";"";"";"";"";"";"";"";"";"";"";
"C35";"100nF";"C_CHIP-0402(1005-METRIC)";"CAPC1005X60";"Capacitor - Generic";"";"";"Capacitor";"";"";"";"";"";"";"";"";"";"";"";"";"";"";"";"";"";"";"";"";"";"";"";"";"";"";"";"";"";"";"";"";"";"";"";"";"";"";"";
"C36";"100nF";"C_CHIP-0402(1005-METRIC)";"CAPC1005X60";"Capacitor - Generic";"";"";"Capacitor";"";"";"";"";"";"";"";"";"";"";"";"";"";"";"";"";"";"";"";"";"";"";"";"";"";"";"";"";"";"";"";"";"";"";"";"";"";"";"";
"C39";"100nF";"C_CHIP-0402(1005-METRIC)";"CAPC1005X60";"Capacitor - Generic";"";"";"Capacitor";"";"";"";"";"";"";"";"";"";"";"";"";"";"";"";"";"";"";"";"";"";"";"";"";"";"";"";"";"";"";"";"";"";"";"";"";"";"";"";
"C40";"100nF";"C_CHIP-0402(1005-METRIC)";"CAPC1005X60";"Capacitor - Generic";"";"";"Capacitor";"";"";"";"";"";"";"";"";"";"";"";"";"";"";"";"";"";"";"";"";"";"";"";"";"";"";"";"";"";"";"";"";"";"";"";"";"";"";"";
"C41";"100nF";"C_CHIP-0402(1005-METRIC)";"CAPC1005X60";"Capacitor - Generic";"";"";"Capacitor";"";"";"";"";"";"";"";"";"";"";"";"";"";"";"";"";"";"";"";"";"";"";"";"";"";"";"";"";"";"";"";"";"";"";"";"";"";"";"";
"C42";"1uF";"C_CHIP-0402(1005-METRIC)";"CAPC1005X60";"Capacitor - Generic";"";"";"Capacitor";"";"";"";"";"";"";"";"";"";"";"";"";"";"";"";"";"";"";"";"";"";"";"";"";"";"";"";"";"";"";"";"";"";"";"";"";"";"";"";
"C43";"1uF";"C_CHIP-0402(1005-METRIC)";"CAPC1005X60";"Capacitor - Generic";"";"";"Capacitor";"";"";"";"";"";"";"";"";"";"";"";"";"";"";"";"";"";"";"";"";"";"";"";"";"";"";"";"";"";"";"";"";"";"";"";"";"";"";"";
"C44";"10uF";"C_CHIP-0402(1005-METRIC)";"CAPC1005X60";"Capacitor - Generic";"";"";"Capacitor";"";"";"";"";"";"";"";"";"";"";"";"";"";"";"";"";"";"";"";"";"";"";"";"";"";"";"";"";"";"";"";"";"";"";"";"";"";"";"";
"C45";"100nF";"C_CHIP-0402(1005-METRIC)";"CAPC1005X60";"Capacitor - Generic";"";"";"Capacitor";"";"";"";"";"";"";"";"";"";"";"";"";"";"";"";"";"";"";"";"";"";"";"";"";"";"";"";"";"";"";"";"";"";"";"";"";"";"";"";
"C46";"18pF";"C_CHIP-0402(1005-METRIC)";"CAPC1005X60";"Capacitor - Generic";"";"";"Capacitor";"";"";"";"";"";"";"";"";"";"";"";"";"";"";"";"";"";"";"";"";"";"";"";"";"";"";"";"";"";"";"";"";"";"";"";"";"";"";"";
"C47";"18pF";"C_CHIP-0402(1005-METRIC)";"CAPC1005X60";"Capacitor - Generic";"";"";"Capacitor";"";"";"";"";"";"";"";"";"";"";"";"";"";"";"";"";"";"";"";"";"";"";"";"";"";"";"";"";"";"";"";"";"";"";"";"";"";"";"";
"C48";"18pF";"C_CHIP-0402(1005-METRIC)";"CAPC1005X60";"Capacitor - Generic";"";"";"Capacitor";"";"";"";"";"";"";"";"";"";"";"";"";"";"";"";"";"";"";"";"";"";"";"";"";"";"";"";"";"";"";"";"";"";"";"";"";"";"";"";
"C49";"1uF";"C_CHIP-0402(1005-METRIC)";"CAPC1005X60";"Capacitor - Generic";"";"";"Capacitor";"";"";"";"";"";"";"";"";"";"";"";"";"";"";"";"";"";"";"";"";"";"";"";"";"";"";"";"";"";"";"";"";"";"";"";"";"";"";"";
"C50";"100nF";"C_CHIP-0402(1005-METRIC)";"CAPC1005X60";"Capacitor - Generic";"";"";"Capacitor";"";"";"";"";"";"";"";"";"";"";"";"";"";"";"";"";"";"";"";"";"";"";"";"";"";"";"";"";"";"";"";"";"";"";"";"";"";"";"";
"C51";"1uF";"C_CHIP-0402(1005-METRIC)";"CAPC1005X60";"Capacitor - Generic";"";"";"Capacitor";"";"";"";"";"";"";"";"";"";"";"";"";"";"";"";"";"";"";"";"";"";"";"";"";"";"";"";"";"";"";"";"";"";"";"";"";"";"";"";
"C52";"1uF";"C_CHIP-0402(1005-METRIC)";"CAPC1005X60";"Capacitor - Generic";"";"";"Capacitor";"";"";"";"";"";"";"";"";"";"";"";"";"";"";"";"";"";"";"";"";"";"";"";"";"";"";"";"";"";"";"";"";"";"";"";"";"";"";"";
"C53";"4.7uF";"C_CHIP-0402(1005-METRIC)";"CAPC1005X60";"Capacitor - Generic";"";"";"Capacitor";"";"";"";"";"";"";"";"";"";"";"";"";"";"";"";"";"";"";"";"";"";"";"";"";"";"";"";"";"";"";"";"";"";"";"";"";"";"";"";
"C54";"10uF";"C_CHIP-0402(1005-METRIC)";"CAPC1005X60";"Capacitor - Generic";"";"";"Capacitor";"";"";"";"";"";"";"";"";"";"";"";"";"";"";"";"";"";"";"";"";"";"";"";"";"";"";"";"";"";"";"";"";"";"";"";"";"";"";"";
"C55";"10uF";"C_CHIP-0805(2012-METRIC)";"CAPC2012X110";"Capacitor - Generic";"";"";"Capacitor";"";"";"";"";"";"";"";"";"";"";"";"";"";"";"";"";"";"";"";"";"";"";"";"";"";"";"";"";"";"";"";"";"";"";"";"";"";"";"";
"C56";"10uF";"C_CHIP-0805(2012-METRIC)";"CAPC2012X110";"Capacitor - Generic";"";"";"Capacitor";"";"";"";"";"";"";"";"";"";"";"";"";"";"";"";"";"";"";"";"";"";"";"";"";"";"";"";"";"";"";"";"";"";"";"";"";"";"";"";
"C57";"10uF";"C_CHIP-0805(2012-METRIC)";"CAPC2012X110";"Capacitor - Generic";"";"";"Capacitor";"";"";"";"";"";"";"";"";"";"";"";"";"";"";"";"";"";"";"";"";"";"";"";"";"";"";"";"";"";"";"";"";"";"";"";"";"";"";"";
"C58";"10uF";"C_CHIP-0402(1005-METRIC)";"CAPC1005X60";"Capacitor - Generic";"";"";"Capacitor";"";"";"";"";"";"";"";"";"";"";"";"";"";"";"";"";"";"";"";"";"";"";"";"";"";"";"";"";"";"";"";"";"";"";"";"";"";"";"";
"C59";"2.2uF";"C_CHIP-0402(1005-METRIC)";"CAPC1005X60";"Capacitor - Generic";"";"";"Capacitor";"";"";"";"";"";"";"";"";"";"";"";"";"";"";"";"";"";"";"";"";"";"";"";"";"";"";"";"";"";"";"";"";"";"";"";"";"";"";"";
"C60";"18pF";"C_CHIP-0402(1005-METRIC)";"CAPC1005X60";"Capacitor - Generic";"";"";"Capacitor";"";"";"";"";"";"";"";"";"";"";"";"";"";"";"";"";"";"";"";"";"";"";"";"";"";"";"";"";"";"";"";"";"";"";"";"";"";"";"";
"C61";"22nF";"C_CHIP-0402(1005-METRIC)";"CAPC1005X60";"Capacitor - Generic";"";"";"Capacitor";"";"";"";"";"";"";"";"";"";"";"";"";"";"";"";"";"";"";"";"";"";"";"";"";"";"";"";"";"";"";"";"";"";"";"";"";"";"";"";
"C62";"100nF";"C_CHIP-0402(1005-METRIC)";"CAPC1005X60";"Capacitor - Generic";"";"";"Capacitor";"";"";"";"";"";"";"";"";"";"";"";"";"";"";"";"";"";"";"";"";"";"";"";"";"";"";"";"";"";"";"";"";"";"";"";"";"";"";"";
"C63";"1uF";"C_CHIP-0402(1005-METRIC)";"CAPC1005X60";"Capacitor - Generic";"";"";"Capacitor";"";"";"";"";"";"";"";"";"";"";"";"";"";"";"";"";"";"";"";"";"";"";"";"";"";"";"";"";"";"";"";"";"";"";"";"";"";"";"";
"C64";"47pF";"C_CHIP-0402(1005-METRIC)";"CAPC1005X60";"Capacitor - Generic";"";"";"Capacitor";"";"";"";"";"";"";"";"";"";"";"";"";"";"";"";"";"";"";"";"";"";"";"";"";"";"";"";"";"";"";"";"";"";"";"";"";"";"";"";
"C65";"47pF";"C_CHIP-0402(1005-METRIC)";"CAPC1005X60";"Capacitor - Generic";"";"";"Capacitor";"";"";"";"";"";"";"";"";"";"";"";"";"";"";"";"";"";"";"";"";"";"";"";"";"";"";"";"";"";"";"";"";"";"";"";"";"";"";"";
"C66";"47pF";"C_CHIP-0402(1005-METRIC)";"CAPC1005X60";"Capacitor - Generic";"";"";"Capacitor";"";"";"";"";"";"";"";"";"";"";"";"";"";"";"";"";"";"";"";"";"";"";"";"";"";"";"";"";"";"";"";"";"";"";"";"";"";"";"";
"C67";"47pF";"C_CHIP-0402(1005-METRIC)";"CAPC1005X60";"Capacitor - Generic";"";"";"Capacitor";"";"";"";"";"";"";"";"";"";"";"";"";"";"";"";"";"";"";"";"";"";"";"";"";"";"";"";"";"";"";"";"";"";"";"";"";"";"";"";
"C68";"47pF";"C_CHIP-0402(1005-METRIC)";"CAPC1005X60";"Capacitor - Generic";"";"";"Capacitor";"";"";"";"";"";"";"";"";"";"";"";"";"";"";"";"";"";"";"";"";"";"";"";"";"";"";"";"";"";"";"";"";"";"";"";"";"";"";"";
"C69";"47pF";"C_CHIP-0402(1005-METRIC)";"CAPC1005X60";"Capacitor - Generic";"";"";"Capacitor";"";"";"";"";"";"";"";"";"";"";"";"";"";"";"";"";"";"";"";"";"";"";"";"";"";"";"";"";"";"";"";"";"";"";"";"";"";"";"";
"C70";"47pF";"C_CHIP-0402(1005-METRIC)";"CAPC1005X60";"Capacitor - Generic";"";"";"Capacitor";"";"";"";"";"";"";"";"";"";"";"";"";"";"";"";"";"";"";"";"";"";"";"";"";"";"";"";"";"";"";"";"";"";"";"";"";"";"";"";
"C71";"47pF";"C_CHIP-0402(1005-METRIC)";"CAPC1005X60";"Capacitor - Generic";"";"";"Capacitor";"";"";"";"";"";"";"";"";"";"";"";"";"";"";"";"";"";"";"";"";"";"";"";"";"";"";"";"";"";"";"";"";"";"";"";"";"";"";"";
"C72";"47pF";"C_CHIP-0402(1005-METRIC)";"CAPC1005X60";"Capacitor - Generic";"";"";"Capacitor";"";"";"";"";"";"";"";"";"";"";"";"";"";"";"";"";"";"";"";"";"";"";"";"";"";"";"";"";"";"";"";"";"";"";"";"";"";"";"";
"C73";"47pF";"C_CHIP-0402(1005-METRIC)";"CAPC1005X60";"Capacitor - Generic";"";"";"Capacitor";"";"";"";"";"";"";"";"";"";"";"";"";"";"";"";"";"";"";"";"";"";"";"";"";"";"";"";"";"";"";"";"";"";"";"";"";"";"";"";
"C74";"47pF";"C_CHIP-0402(1005-METRIC)";"CAPC1005X60";"Capacitor - Generic";"";"";"Capacitor";"";"";"";"";"";"";"";"";"";"";"";"";"";"";"";"";"";"";"";"";"";"";"";"";"";"";"";"";"";"";"";"";"";"";"";"";"";"";"";
"C75";"47pF";"C_CHIP-0402(1005-METRIC)";"CAPC1005X60";"Capacitor - Generic";"";"";"Capacitor";"";"";"";"";"";"";"";"";"";"";"";"";"";"";"";"";"";"";"";"";"";"";"";"";"";"";"";"";"";"";"";"";"";"";"";"";"";"";"";
"C76";"47pF";"C_CHIP-0402(1005-METRIC)";"CAPC1005X60";"Capacitor - Generic";"";"";"Capacitor";"";"";"";"";"";"";"";"";"";"";"";"";"";"";"";"";"";"";"";"";"";"";"";"";"";"";"";"";"";"";"";"";"";"";"";"";"";"";"";
"C77";"47pF";"C_CHIP-0402(1005-METRIC)";"CAPC1005X60";"Capacitor - Generic";"";"";"Capacitor";"";"";"";"";"";"";"";"";"";"";"";"";"";"";"";"";"";"";"";"";"";"";"";"";"";"";"";"";"";"";"";"";"";"";"";"";"";"";"";
"C78";"47pF";"C_CHIP-0402(1005-METRIC)";"CAPC1005X60";"Capacitor - Generic";"";"";"Capacitor";"";"";"";"";"";"";"";"";"";"";"";"";"";"";"";"";"";"";"";"";"";"";"";"";"";"";"";"";"";"";"";"";"";"";"";"";"";"";"";
"C79";"47pF";"C_CHIP-0402(1005-METRIC)";"CAPC1005X60";"Capacitor - Generic";"";"";"Capacitor";"";"";"";"";"";"";"";"";"";"";"";"";"";"";"";"";"";"";"";"";"";"";"";"";"";"";"";"";"";"";"";"";"";"";"";"";"";"";"";
"C80";"1uF";"C_CHIP-0402(1005-METRIC)";"CAPC1005X60";"Capacitor - Generic";"";"";"Capacitor";"";"";"";"";"";"";"";"";"";"";"";"";"";"";"";"";"";"";"";"";"";"";"";"";"";"";"";"";"";"";"";"";"";"";"";"";"";"";"";
"C81";"1uF";"C_CHIP-0402(1005-METRIC)";"CAPC1005X60";"Capacitor - Generic";"";"";"Capacitor";"";"";"";"";"";"";"";"";"";"";"";"";"";"";"";"";"";"";"";"";"";"";"";"";"";"";"";"";"";"";"";"";"";"";"";"";"";"";"";
"C82";"1uF";"C_CHIP-0402(1005-METRIC)";"CAPC1005X60";"Capacitor - Generic";"";"";"Capacitor";"";"";"";"";"";"";"";"";"";"";"";"";"";"";"";"";"";"";"";"";"";"";"";"";"";"";"";"";"";"";"";"";"";"";"";"";"";"";"";
"C83";"1uF";"C_CHIP-0402(1005-METRIC)";"CAPC1005X60";"Capacitor - Generic";"";"";"Capacitor";"";"";"";"";"";"";"";"";"";"";"";"";"";"";"";"";"";"";"";"";"";"";"";"";"";"";"";"";"";"";"";"";"";"";"";"";"";"";"";
"C84";"1uF";"C_CHIP-0603(1608-METRIC)";"CAPC1608X85";"Capacitor - Generic";"";"";"Capacitor";"";"";"";"";"";"";"";"";"";"";"";"";"";"";"";"";"";"";"";"";"";"";"";"";"";"";"";"";"";"";"";"";"";"";"";"";"";"";"";
"C85";"4.7uF";"C_CHIP-0402(1005-METRIC)";"CAPC1005X60";"Capacitor - Generic";"";"";"Capacitor";"";"";"";"";"";"";"";"";"";"";"";"";"";"";"";"";"";"";"";"";"";"";"";"";"";"";"";"";"";"";"";"";"";"";"";"";"";"";"";
"C86";"22uF";"C_CHIP-0402(1005-METRIC)";"CAPC1005X60";"Capacitor - Generic";"";"";"Capacitor";"";"";"";"";"";"";"";"";"";"";"";"";"";"";"";"";"";"";"";"";"";"";"";"";"";"";"";"";"";"";"";"";"";"";"";"";"";"";"";
"C87";"1uF";"C_CHIP-0402(1005-METRIC)";"CAPC1005X60";"Capacitor - Generic";"";"";"Capacitor";"";"";"";"";"";"";"";"";"";"";"";"";"";"";"";"";"";"";"";"";"";"";"";"";"";"";"";"";"";"";"";"";"";"";"";"";"";"";"";
"C88";"1uF";"C_CHIP-0402(1005-METRIC)";"CAPC1005X60";"Capacitor - Generic";"";"";"Capacitor";"";"";"";"";"";"";"";"";"";"";"";"";"";"";"";"";"";"";"";"";"";"";"";"";"";"";"";"";"";"";"";"";"";"";"";"";"";"";"";
"C89";"1uF";"C_CHIP-0402(1005-METRIC)";"CAPC1005X60";"Capacitor - Generic";"";"";"Capacitor";"";"";"";"";"";"";"";"";"";"";"";"";"";"";"";"";"";"";"";"";"";"";"";"";"";"";"";"";"";"";"";"";"";"";"";"";"";"";"";
"C90";"1uF";"C_CHIP-0402(1005-METRIC)";"CAPC1005X60";"Capacitor - Generic";"";"";"Capacitor";"";"";"";"";"";"";"";"";"";"";"";"";"";"";"";"";"";"";"";"";"";"";"";"";"";"";"";"";"";"";"";"";"";"";"";"";"";"";"";
"C91";"1uF";"C_CHIP-0402(1005-METRIC)";"CAPC1005X60";"Capacitor - Generic";"";"";"Capacitor";"";"";"";"";"";"";"";"";"";"";"";"";"";"";"";"";"";"";"";"";"";"";"";"";"";"";"";"";"";"";"";"";"";"";"";"";"";"";"";
"C92";"1uF";"C_CHIP-0402(1005-METRIC)";"CAPC1005X60";"Capacitor - Generic";"";"";"Capacitor";"";"";"";"";"";"";"";"";"";"";"";"";"";"";"";"";"";"";"";"";"";"";"";"";"";"";"";"";"";"";"";"";"";"";"";"";"";"";"";
"C93";"1uF";"C_CHIP-0402(1005-METRIC)";"CAPC1005X60";"Capacitor - Generic";"";"";"Capacitor";"";"";"";"";"";"";"";"";"";"";"";"";"";"";"";"";"";"";"";"";"";"";"";"";"";"";"";"";"";"";"";"";"";"";"";"";"";"";"";
"C94";"1uF";"C_CHIP-0402(1005-METRIC)";"CAPC1005X60";"Capacitor - Generic";"";"";"Capacitor";"";"";"";"";"";"";"";"";"";"";"";"";"";"";"";"";"";"";"";"";"";"";"";"";"";"";"";"";"";"";"";"";"";"";"";"";"";"";"";
"C95";"1uF";"C_CHIP-0402(1005-METRIC)";"CAPC1005X60";"Capacitor - Generic";"";"";"Capacitor";"";"";"";"";"";"";"";"";"";"";"";"";"";"";"";"";"";"";"";"";"";"";"";"";"";"";"";"";"";"";"";"";"";"";"";"";"";"";"";
"C96";"1uF";"C_CHIP-0402(1005-METRIC)";"CAPC1005X60";"Capacitor - Generic";"";"";"Capacitor";"";"";"";"";"";"";"";"";"";"";"";"";"";"";"";"";"";"";"";"";"";"";"";"";"";"";"";"";"";"";"";"";"";"";"";"";"";"";"";
"C97";"2.2uF";"C_CHIP-0402(1005-METRIC)";"CAPC1005X60";"Capacitor - Generic";"";"";"Capacitor";"";"";"";"";"";"";"";"";"";"";"";"";"";"";"";"";"";"";"";"";"";"";"";"";"";"";"";"";"";"";"";"";"";"";"";"";"";"";"";
"C98";"100nF";"C_CHIP-0603(1608-METRIC)";"CAPC1608X85";"Capacitor - Generic";"";"";"Capacitor";"";"";"";"";"";"";"";"";"";"";"";"";"";"";"";"";"";"";"";"";"";"";"";"";"";"";"";"";"";"";"";"";"";"";"";"";"";"";"";
"C99";"120uF";"C_CHIP-0603(1608-METRIC)";"CAPC1608X85";"Capacitor - Generic";"";"";"Capacitor";"";"";"";"";"";"";"";"";"";"";"";"";"";"";"";"";"";"";"";"";"";"";"";"";"";"";"";"";"";"";"";"";"";"";"";"";"";"";"";
"C100";"1uF";"C_CHIP-0402(1005-METRIC)";"CAPC1005X60";"Capacitor - Generic";"";"";"Capacitor";"";"";"";"";"";"";"";"";"";"";"";"";"";"";"";"";"";"";"";"";"";"";"";"";"";"";"";"";"";"";"";"";"";"";"";"";"";"";"";
"C101";"1uF";"C_CHIP-0402(1005-METRIC)";"CAPC1005X60";"Capacitor - Generic";"";"";"Capacitor";"";"";"";"";"";"";"";"";"";"";"";"";"";"";"";"";"";"";"";"";"";"";"";"";"";"";"";"";"";"";"";"";"";"";"";"";"";"";"";
"C102";"1uF";"C_CHIP-0402(1005-METRIC)";"CAPC1005X60";"Capacitor - Generic";"";"";"Capacitor";"";"";"";"";"";"";"";"";"";"";"";"";"";"";"";"";"";"";"";"";"";"";"";"";"";"";"";"";"";"";"";"";"";"";"";"";"";"";"";
"C103";"100nF";"C_CHIP-0402(1005-METRIC)";"CAPC1005X60";"Capacitor - Generic";"";"";"Capacitor";"";"";"";"";"";"";"";"";"";"";"";"";"";"";"";"";"";"";"";"";"";"";"";"";"";"";"";"";"";"";"";"";"";"";"";"";"";"";"";
"C104";"100nF";"C_CHIP-0402(1005-METRIC)";"CAPC1005X60";"Capacitor - Generic";"";"";"Capacitor";"";"";"";"";"";"";"";"";"";"";"";"";"";"";"";"";"";"";"";"";"";"";"";"";"";"";"";"";"";"";"";"";"";"";"";"";"";"";"";
"C105";"1uF";"C_CHIP-0603(1608-METRIC)";"CAPC1608X85";"Capacitor - Generic";"";"";"Capacitor";"";"";"";"";"";"";"";"";"";"";"";"";"";"";"";"";"";"";"";"";"";"";"";"";"";"";"";"";"";"";"";"";"";"";"";"";"";"";"";
"C106";"100nF";"C_CHIP-0603(1608-METRIC)";"CAPC1608X85";"Capacitor - Generic";"";"";"Capacitor";"";"";"";"";"";"";"";"";"";"";"";"";"";"";"";"";"";"";"";"";"";"";"";"";"";"";"";"";"";"";"";"";"";"";"";"";"";"";"";
"C107";"22uF";"C_CHIP-0603(1608-METRIC)";"CAPC1608X85";"Capacitor - Generic";"";"";"Capacitor";"";"";"";"";"";"";"";"";"";"";"";"";"";"";"";"";"";"";"";"";"";"";"";"";"";"";"";"";"";"";"";"";"";"";"";"";"";"";"";
"C108";"1uF";"C_CHIP-0402(1005-METRIC)";"CAPC1005X60";"Capacitor - Generic";"";"";"Capacitor";"";"";"";"";"";"";"";"";"";"";"";"";"";"";"";"";"";"";"";"";"";"";"";"";"";"";"";"";"";"";"";"";"";"";"";"";"";"";"";
"C109";"1uF";"C_CHIP-0402(1005-METRIC)";"CAPC1005X60";"Capacitor - Generic";"";"";"Capacitor";"";"";"";"";"";"";"";"";"";"";"";"";"";"";"";"";"";"";"";"";"";"";"";"";"";"";"";"";"";"";"";"";"";"";"";"";"";"";"";
"C110";"100nF";"C_CHIP-0402(1005-METRIC)";"CAPC1005X60";"Capacitor - Generic";"";"";"Capacitor";"";"";"";"";"";"";"";"";"";"";"";"";"";"";"";"";"";"";"";"";"";"";"";"";"";"";"";"";"";"";"";"";"";"";"";"";"";"";"";
"C111";"1uF";"C_CHIP-0402(1005-METRIC)";"CAPC1005X60";"Capacitor - Generic";"";"";"Capacitor";"";"";"";"";"";"";"";"";"";"";"";"";"";"";"";"";"";"";"";"";"";"";"";"";"";"";"";"";"";"";"";"";"";"";"";"";"";"";"";
"C112";"10nF";"C_CHIP-0402(1005-METRIC)";"CAPC1005X60";"Capacitor - Generic";"";"";"Capacitor";"";"";"";"";"";"";"";"";"";"";"";"";"";"";"";"";"";"";"";"";"";"";"";"";"";"";"";"";"";"";"";"";"";"";"";"";"";"";"";
"F1";"";"PTCFUSE-1206";"R1206";"PTC fuses, resettable thermistors";"";"";"";"";"";"";"";"";"";"";"";"";"";"";"";"";"";"";"";"";"";"";"";"";"";"";"";"";"";"";"";"";"";"";"";"";"";"";"";"";"";"";
"H1";"MOUNT-HOLE3.2";"MOUNT-HOLE3.2";"3,2";"MOUNTING HOLE with drill center marker";"";"";"";"";"";"";"";"";"";"";"";"";"";"";"";"";"";"";"";"";"";"";"";"";"";"";"";"7";"";"";"";"";"";"";"";"";"";"";"";"";"";"";
"H2";"MOUNT-HOLE3.2";"MOUNT-HOLE3.2";"3,2";"MOUNTING HOLE with drill center marker";"";"";"";"";"";"";"";"";"";"";"";"";"";"";"";"";"";"";"";"";"";"";"";"";"";"";"";"7";"";"";"";"";"";"";"";"";"";"";"";"";"";"";
"H3";"MOUNT-HOLE3.2";"MOUNT-HOLE3.2";"3,2";"MOUNTING HOLE with drill center marker";"";"";"";"";"";"";"";"";"";"";"";"";"";"";"";"";"";"";"";"";"";"";"";"";"";"";"";"7";"";"";"";"";"";"";"";"";"";"";"";"";"";"";
"H4";"MOUNT-HOLE3.2";"MOUNT-HOLE3.2";"3,2";"MOUNTING HOLE with drill center marker";"";"";"";"";"";"";"";"";"";"";"";"";"";"";"";"";"";"";"";"";"";"";"";"";"";"";"";"7";"";"";"";"";"";"";"";"";"";"";"";"";"";"";
"IC1";"MT29F8G08DAA";"MT29F8G08DAA";"TSOP48";"4Gb, 8Gb, and 16Gb x8 NAND Flash Memory";"";"";"";"";"";"";"";"";"";"";"";"";"";"";"";"";"";"";"";"";"unknown";"unknown";"";"";"";"";"";"";"";"";"";"";"";"";"";"";"";"";"";"";"";"";
"J1";"MAGJACK";"MAGJACK";"MAGJACK";"MAGJACK: RJ-45 with LEDs";"";"";"";"";"";"";"";"";"";"";"";"";"";"";"";"";"";"";"";"";"";"";"";"";"";"";"";"";"CONN-09556";"";"";"";"";"PRT-08534";"";"";"";"";"";"";"";"";
"J2";"USB_A_SMT_FEMALE";"USB_A_SMT_FEMALE";"USB-A-S-SILK-FEMALE";"USB-A Connector";"";"";"";"";"";"";"";"";"";"";"";"";"";"";"";"";"";"";"";"";"";"";"";"";"";"";"";"";"CONN-09520";"";"";"";"";"PRT-09011";"";"";"";"";"";"";"";"";
"J4";"UART0";"CONN_04";"1X04";"Multi connection point. Often used as Generic Header-pin footprint for 0.1 inch spaced/style header connections";"";"";"";"";"";"";"";"";"";"";"";"";"";"";"";"";"";"";"";"";"";"";"";"";"";"";"";"";"CONN-09696";"";"";"";"";"";"";"";"";"";"";"";"";"";
"J7";"";"CONN_023.5MM";"SCREWTERMINAL-3.5MM-2";"Multi connection point. Often used as Generic Header-pin footprint for 0.1 inch spaced/style header connections";"";"";"";"";"";"";"";"";"";"";"";"";"";"";"";"";"";"";"";"";"";"";"";"";"";"";"";"";"CONN-08399";"";"";"";"";"";"";"";"";"";"";"";"";"";
"J10";"10029449-001RLF";"10029449-001RLF";"AMPHENOL_10029449-001RLF";"Connector, Hdmi Type a, Receptacle, 19 Position, Full Ree";"https://snapeda.com/shop?store=Arrow+Electronics&id=1592408";"";"";"";"";"";" HDMI HDMI 1.4 Receptacle Connector 19 Position Surface Mount, Right Angle";" Through Hole ";"609-1010-1-ND";"https://snapeda.com/shop?store=DigiKey&id=1592408";"";"";"";"";"";"";"";"Amphenol ICC";"https://snapeda.com/shop?store=Mouser&id=1592408";"10029449-001RLF";"";"";"";"";"None";"";"";"";"";"";"";"";"";"";"";"";"";"";"";"";"";"";
"L1";"2.2uH";"L_CHIP-1008(2520-METRIC)";"INDC2520X120N";"Inductor Fixed - Generic";"";"";"Inductor";"";"";"";"";"";"";"";"";"";"";"";"";"";"";"";"";"";"";"";"";"";"";"";"";"";"";"";"";"";"";"";"";"Fixed";"";"";"";"";"";"";
"L2";"2.2uH";"L_CHIP-1008(2520-METRIC)";"INDC2520X120N";"Inductor Fixed - Generic";"";"";"Inductor";"";"";"";"";"";"";"";"";"";"";"";"";"";"";"";"";"";"";"";"";"";"";"";"";"";"";"";"";"";"";"";"";"Fixed";"";"";"";"";"";"";
"L3";"2.2uH";"L_CHIP-1008(2520-METRIC)";"INDC2520X120N";"Inductor Fixed - Generic";"";"";"Inductor";"";"";"";"";"";"";"";"";"";"";"";"";"";"";"";"";"";"";"";"";"";"";"";"";"";"";"";"";"";"";"";"";"Fixed";"";"";"";"";"";"";
"L4";"18uH";"L_CHIP-1008(2520-METRIC)";"INDC2520X120N";"Inductor Fixed - Generic";"";"";"Inductor";"";"";"";"";"";"";"";"";"";"";"";"";"";"";"";"";"";"";"";"";"";"";"";"";"";"";"";"";"";"";"";"";"Fixed";"";"";"";"";"";"";
"LED1";"";"LEDCHIP-LED0603";"CHIP-LED0603";"LED";"";"";"";"";"";"";"";"";"";"";"";"";"";"";"";"";"";"";"";"";"";"";"";"";"";"";"";"";"";"";"";"";"";"";"";"";"";"";"";"";"";"";
"LED2";"";"LEDCHIP-LED0603";"CHIP-LED0603";"LED";"";"";"";"";"";"";"";"";"";"";"";"";"";"";"";"";"";"";"";"";"";"";"";"";"";"";"";"";"";"";"";"";"";"";"";"";"";"";"";"";"";"";
"Q2";"25MHz";"XTAL-4-3225";"NX3225";"Classic 4-pin 3.2 x 2.5mm crystal";"";"";"";"";"";"";"";"";"";"";"";"";"";"";"";"";"";"";"";"";"";"";"";"";"";"";"";"";"";"";"";"";"";"";"";"";"";"";"";"";"";"";
"R1";"10k";"R_CHIP-0402(1005-METRIC)";"RESC1005X40";"Resistor Fixed - Generic";"";"";"Resistor";"";"";"";"";"";"";"";"";"";"";"";"";"";"";"";"";"";"";"";"";"";"";"";"";"";"";"";"";"";"";"";"";"Fixed";"";"";"";"";"";"";
"R2";"10k";"R_CHIP-0402(1005-METRIC)";"RESC1005X40";"Resistor Fixed - Generic";"";"";"Resistor";"";"";"";"";"";"";"";"";"";"";"";"";"";"";"";"";"";"";"";"";"";"";"";"";"";"";"";"";"";"";"";"";"Fixed";"";"";"";"";"";"";
"R3";"270R";"R_CHIP-0402(1005-METRIC)";"RESC1005X40";"Resistor Fixed - Generic";"";"";"Resistor";"";"";"";"";"";"";"";"";"";"";"";"";"";"";"";"";"";"";"";"";"";"";"";"";"";"";"";"";"";"";"";"";"Fixed";"";"";"";"";"";"";
"R4";"100k";"R_CHIP-0402(1005-METRIC)";"RESC1005X40";"Resistor Fixed - Generic";"";"";"Resistor";"";"";"";"";"";"";"";"";"";"";"";"";"";"";"";"";"";"";"";"";"";"";"";"";"";"";"";"";"";"";"";"";"Fixed";"";"";"";"";"";"";
"R5";"33R";"R_CHIP-0402(1005-METRIC)";"RESC1005X40";"Resistor Fixed - Generic";"";"";"Resistor";"";"";"";"";"";"";"";"";"";"";"";"";"";"";"";"";"";"";"";"";"";"";"";"";"";"";"";"";"";"";"";"";"Fixed";"";"";"";"";"";"";
"R6";"0R";"R_CHIP-0402(1005-METRIC)";"RESC1005X40";"Resistor Fixed - Generic";"";"";"Resistor";"";"";"";"";"";"";"";"";"";"";"";"";"";"";"";"";"";"";"";"";"";"";"";"";"";"";"";"";"";"";"";"";"Fixed";"";"";"";"";"";"";
"R7";"0R";"R_CHIP-0402(1005-METRIC)";"RESC1005X40";"Resistor Fixed - Generic";"";"";"Resistor";"";"";"";"";"";"";"";"";"";"";"";"";"";"";"";"";"";"";"";"";"";"";"";"";"";"";"";"";"";"";"";"";"Fixed";"";"";"";"";"";"";
"R8";"1M";"R_CHIP-0402(1005-METRIC)";"RESC1005X40";"Resistor Fixed - Generic";"";"";"Resistor";"";"";"";"";"";"";"";"";"";"";"";"";"";"";"";"";"";"";"";"";"";"";"";"";"";"";"";"";"";"";"";"";"Fixed";"";"";"";"";"";"";
"R9";"10k";"R_CHIP-0402(1005-METRIC)";"RESC1005X40";"Resistor Fixed - Generic";"";"";"Resistor";"";"";"";"";"";"";"";"";"";"";"";"";"";"";"";"";"";"";"";"";"";"";"";"";"";"";"";"";"";"";"";"";"Fixed";"";"";"";"";"";"";
"R10";"10k";"R_CHIP-0402(1005-METRIC)";"RESC1005X40";"Resistor Fixed - Generic";"";"";"Resistor";"";"";"";"";"";"";"";"";"";"";"";"";"";"";"";"";"";"";"";"";"";"";"";"";"";"";"";"";"";"";"";"";"Fixed";"";"";"";"";"";"";
"R11";"10k";"R_CHIP-0402(1005-METRIC)";"RESC1005X40";"Resistor Fixed - Generic";"";"";"Resistor";"";"";"";"";"";"";"";"";"";"";"";"";"";"";"";"";"";"";"";"";"";"";"";"";"";"";"";"";"";"";"";"";"Fixed";"";"";"";"";"";"";
"R12";"10k";"R_CHIP-0402(1005-METRIC)";"RESC1005X40";"Resistor Fixed - Generic";"";"";"Resistor";"";"";"";"";"";"";"";"";"";"";"";"";"";"";"";"";"";"";"";"";"";"";"";"";"";"";"";"";"";"";"";"";"Fixed";"";"";"";"";"";"";
"R13";"10k";"R_CHIP-0402(1005-METRIC)";"RESC1005X40";"Resistor Fixed - Generic";"";"";"Resistor";"";"";"";"";"";"";"";"";"";"";"";"";"";"";"";"";"";"";"";"";"";"";"";"";"";"";"";"";"";"";"";"";"Fixed";"";"";"";"";"";"";
"R14";"10k";"R_CHIP-0402(1005-METRIC)";"RESC1005X40";"Resistor Fixed - Generic";"";"";"Resistor";"";"";"";"";"";"";"";"";"";"";"";"";"";"";"";"";"";"";"";"";"";"";"";"";"";"";"";"";"";"";"";"";"Fixed";"";"";"";"";"";"";
"R15";"10k";"R_CHIP-0402(1005-METRIC)";"RESC1005X40";"Resistor Fixed - Generic";"";"";"Resistor";"";"";"";"";"";"";"";"";"";"";"";"";"";"";"";"";"";"";"";"";"";"";"";"";"";"";"";"";"";"";"";"";"Fixed";"";"";"";"";"";"";
"R16";"10k";"R_CHIP-0402(1005-METRIC)";"RESC1005X40";"Resistor Fixed - Generic";"";"";"Resistor";"";"";"";"";"";"";"";"";"";"";"";"";"";"";"";"";"";"";"";"";"";"";"";"";"";"";"";"";"";"";"";"";"Fixed";"";"";"";"";"";"";
"R17";"10k";"R_CHIP-0402(1005-METRIC)";"RESC1005X40";"Resistor Fixed - Generic";"";"";"Resistor";"";"";"";"";"";"";"";"";"";"";"";"";"";"";"";"";"";"";"";"";"";"";"";"";"";"";"";"";"";"";"";"";"Fixed";"";"";"";"";"";"";
"R18";"10k";"R_CHIP-0402(1005-METRIC)";"RESC1005X40";"Resistor Fixed - Generic";"";"";"Resistor";"";"";"";"";"";"";"";"";"";"";"";"";"";"";"";"";"";"";"";"";"";"";"";"";"";"";"";"";"";"";"";"";"Fixed";"";"";"";"";"";"";
"R19";"10k";"R_CHIP-0402(1005-METRIC)";"RESC1005X40";"Resistor Fixed - Generic";"";"";"Resistor";"";"";"";"";"";"";"";"";"";"";"";"";"";"";"";"";"";"";"";"";"";"";"";"";"";"";"";"";"";"";"";"";"Fixed";"";"";"";"";"";"";
"R20";"10k";"R_CHIP-0402(1005-METRIC)";"RESC1005X40";"Resistor Fixed - Generic";"";"";"Resistor";"";"";"";"";"";"";"";"";"";"";"";"";"";"";"";"";"";"";"";"";"";"";"";"";"";"";"";"";"";"";"";"";"Fixed";"";"";"";"";"";"";
"R21";"10k";"R_CHIP-0402(1005-METRIC)";"RESC1005X40";"Resistor Fixed - Generic";"";"";"Resistor";"";"";"";"";"";"";"";"";"";"";"";"";"";"";"";"";"";"";"";"";"";"";"";"";"";"";"";"";"";"";"";"";"Fixed";"";"";"";"";"";"";
"R22";"10k";"R_CHIP-0402(1005-METRIC)";"RESC1005X40";"Resistor Fixed - Generic";"";"";"Resistor";"";"";"";"";"";"";"";"";"";"";"";"";"";"";"";"";"";"";"";"";"";"";"";"";"";"";"";"";"";"";"";"";"Fixed";"";"";"";"";"";"";
"R23";"10k";"R_CHIP-0402(1005-METRIC)";"RESC1005X40";"Resistor Fixed - Generic";"";"";"Resistor";"";"";"";"";"";"";"";"";"";"";"";"";"";"";"";"";"";"";"";"";"";"";"";"";"";"";"";"";"";"";"";"";"Fixed";"";"";"";"";"";"";
"R24";"10k";"R_CHIP-0402(1005-METRIC)";"RESC1005X40";"Resistor Fixed - Generic";"";"";"Resistor";"";"";"";"";"";"";"";"";"";"";"";"";"";"";"";"";"";"";"";"";"";"";"";"";"";"";"";"";"";"";"";"";"Fixed";"";"";"";"";"";"";
"R25";"10k";"R_CHIP-0402(1005-METRIC)";"RESC1005X40";"Resistor Fixed - Generic";"";"";"Resistor";"";"";"";"";"";"";"";"";"";"";"";"";"";"";"";"";"";"";"";"";"";"";"";"";"";"";"";"";"";"";"";"";"Fixed";"";"";"";"";"";"";
"R26";"10k";"R_CHIP-0402(1005-METRIC)";"RESC1005X40";"Resistor Fixed - Generic";"";"";"Resistor";"";"";"";"";"";"";"";"";"";"";"";"";"";"";"";"";"";"";"";"";"";"";"";"";"";"";"";"";"";"";"";"";"Fixed";"";"";"";"";"";"";
"R27";"10k";"R_CHIP-0402(1005-METRIC)";"RESC1005X40";"Resistor Fixed - Generic";"";"";"Resistor";"";"";"";"";"";"";"";"";"";"";"";"";"";"";"";"";"";"";"";"";"";"";"";"";"";"";"";"";"";"";"";"";"Fixed";"";"";"";"";"";"";
"R28";"10k";"R_CHIP-0402(1005-METRIC)";"RESC1005X40";"Resistor Fixed - Generic";"";"";"Resistor";"";"";"";"";"";"";"";"";"";"";"";"";"";"";"";"";"";"";"";"";"";"";"";"";"";"";"";"";"";"";"";"";"Fixed";"";"";"";"";"";"";
"R29";"10k";"R_CHIP-0402(1005-METRIC)";"RESC1005X40";"Resistor Fixed - Generic";"";"";"Resistor";"";"";"";"";"";"";"";"";"";"";"";"";"";"";"";"";"";"";"";"";"";"";"";"";"";"";"";"";"";"";"";"";"Fixed";"";"";"";"";"";"";
"R30";"10k";"R_CHIP-0402(1005-METRIC)";"RESC1005X40";"Resistor Fixed - Generic";"";"";"Resistor";"";"";"";"";"";"";"";"";"";"";"";"";"";"";"";"";"";"";"";"";"";"";"";"";"";"";"";"";"";"";"";"";"Fixed";"";"";"";"";"";"";
"R31";"10K";"R_CHIP-0402(1005-METRIC)";"RESC1005X40";"Resistor Fixed - Generic";"";"";"Resistor";"";"";"";"";"";"";"";"";"";"";"";"";"";"";"";"";"";"";"";"";"";"";"";"";"";"";"";"";"";"";"";"";"Fixed";"";"";"";"";"";"";
"R32";"10K";"R_CHIP-0402(1005-METRIC)";"RESC1005X40";"Resistor Fixed - Generic";"";"";"Resistor";"";"";"";"";"";"";"";"";"";"";"";"";"";"";"";"";"";"";"";"";"";"";"";"";"";"";"";"";"";"";"";"";"Fixed";"";"";"";"";"";"";
"R33";"10K";"R_CHIP-0402(1005-METRIC)";"RESC1005X40";"Resistor Fixed - Generic";"";"";"Resistor";"";"";"";"";"";"";"";"";"";"";"";"";"";"";"";"";"";"";"";"";"";"";"";"";"";"";"";"";"";"";"";"";"Fixed";"";"";"";"";"";"";
"R34";"10K";"R_CHIP-0402(1005-METRIC)";"RESC1005X40";"Resistor Fixed - Generic";"";"";"Resistor";"";"";"";"";"";"";"";"";"";"";"";"";"";"";"";"";"";"";"";"";"";"";"";"";"";"";"";"";"";"";"";"";"Fixed";"";"";"";"";"";"";
"R35";"33R";"R_CHIP-0402(1005-METRIC)";"RESC1005X40";"Resistor Fixed - Generic";"";"";"Resistor";"";"";"";"";"";"";"";"";"";"";"";"";"";"";"";"";"";"";"";"";"";"";"";"";"";"";"";"";"";"";"";"";"Fixed";"";"";"";"";"";"";
"R36";"33R";"R_CHIP-0402(1005-METRIC)";"RESC1005X40";"Resistor Fixed - Generic";"";"";"Resistor";"";"";"";"";"";"";"";"";"";"";"";"";"";"";"";"";"";"";"";"";"";"";"";"";"";"";"";"";"";"";"";"";"Fixed";"";"";"";"";"";"";
"R37";"270R";"R_CHIP-0402(1005-METRIC)";"RESC1005X40";"Resistor Fixed - Generic";"";"";"Resistor";"";"";"";"";"";"";"";"";"";"";"";"";"";"";"";"";"";"";"";"";"";"";"";"";"";"";"";"";"";"";"";"";"Fixed";"";"";"";"";"";"";
"R38";"10k";"R_CHIP-0402(1005-METRIC)";"RESC1005X40";"Resistor Fixed - Generic";"";"";"Resistor";"";"";"";"";"";"";"";"";"";"";"";"";"";"";"";"";"";"";"";"";"";"";"";"";"";"";"";"";"";"";"";"";"Fixed";"";"";"";"";"";"";
"R39";"10k";"R_CHIP-0402(1005-METRIC)";"RESC1005X40";"Resistor Fixed - Generic";"";"";"Resistor";"";"";"";"";"";"";"";"";"";"";"";"";"";"";"";"";"";"";"";"";"";"";"";"";"";"";"";"";"";"";"";"";"Fixed";"";"";"";"";"";"";
"R40";"10k";"R_CHIP-0402(1005-METRIC)";"RESC1005X40";"Resistor Fixed - Generic";"";"";"Resistor";"";"";"";"";"";"";"";"";"";"";"";"";"";"";"";"";"";"";"";"";"";"";"";"";"";"";"";"";"";"";"";"";"Fixed";"";"";"";"";"";"";
"R41";"49.9R";"R_CHIP-0402(1005-METRIC)";"RESC1005X40";"Resistor Fixed - Generic";"";"";"Resistor";"";"";"";"";"";"";"";"";"";"";"";"";"";"";"";"";"";"";"";"";"";"";"";"";"";"";"";"";"";"";"";"";"Fixed";"";"";"";"";"";"";
"R42";"49.9R";"R_CHIP-0402(1005-METRIC)";"RESC1005X40";"Resistor Fixed - Generic";"";"";"Resistor";"";"";"";"";"";"";"";"";"";"";"";"";"";"";"";"";"";"";"";"";"";"";"";"";"";"";"";"";"";"";"";"";"Fixed";"";"";"";"";"";"";
"R43";"49.9R";"R_CHIP-0402(1005-METRIC)";"RESC1005X40";"Resistor Fixed - Generic";"";"";"Resistor";"";"";"";"";"";"";"";"";"";"";"";"";"";"";"";"";"";"";"";"";"";"";"";"";"";"";"";"";"";"";"";"";"Fixed";"";"";"";"";"";"";
"R44";"49.9R";"R_CHIP-0402(1005-METRIC)";"RESC1005X40";"Resistor Fixed - Generic";"";"";"Resistor";"";"";"";"";"";"";"";"";"";"";"";"";"";"";"";"";"";"";"";"";"";"";"";"";"";"";"";"";"";"";"";"";"Fixed";"";"";"";"";"";"";
"R45";"10R";"R_CHIP-0402(1005-METRIC)";"RESC1005X40";"Resistor Fixed - Generic";"";"";"Resistor";"";"";"";"";"";"";"";"";"";"";"";"";"";"";"";"";"";"";"";"";"";"";"";"";"";"";"";"";"";"";"";"";"Fixed";"";"";"";"";"";"";
"R46";"12.1k";"R_CHIP-0402(1005-METRIC)";"RESC1005X40";"Resistor Fixed - Generic";"";"";"Resistor";"";"";"";"";"";"";"";"";"";"";"";"";"";"";"";"";"";"";"";"";"";"";"";"";"";"";"";"";"";"";"";"";"Fixed";"";"";"";"";"";"";
"R47";"1k";"R_CHIP-0402(1005-METRIC)";"RESC1005X40";"Resistor Fixed - Generic";"";"";"Resistor";"";"";"";"";"";"";"";"";"";"";"";"";"";"";"";"";"";"";"";"";"";"";"";"";"";"";"";"";"";"";"";"";"Fixed";"";"";"";"";"";"";
"R48";"0R";"R_CHIP-0402(1005-METRIC)";"RESC1005X40";"Resistor Fixed - Generic";"";"";"Resistor";"";"";"";"";"";"";"";"";"";"";"";"";"";"";"";"";"";"";"";"";"";"";"";"";"";"";"";"";"";"";"";"";"Fixed";"";"";"";"";"";"";
"R49";"10k";"R_CHIP-0402(1005-METRIC)";"RESC1005X40";"Resistor Fixed - Generic";"";"";"Resistor";"";"";"";"";"";"";"";"";"";"";"";"";"";"";"";"";"";"";"";"";"";"";"";"";"";"";"";"";"";"";"";"";"Fixed";"";"";"";"";"";"";
"R50";"10k";"R_CHIP-0402(1005-METRIC)";"RESC1005X40";"Resistor Fixed - Generic";"";"";"Resistor";"";"";"";"";"";"";"";"";"";"";"";"";"";"";"";"";"";"";"";"";"";"";"";"";"";"";"";"";"";"";"";"";"Fixed";"";"";"";"";"";"";
"R51";"10k";"R_CHIP-0402(1005-METRIC)";"RESC1005X40";"Resistor Fixed - Generic";"";"";"Resistor";"";"";"";"";"";"";"";"";"";"";"";"";"";"";"";"";"";"";"";"";"";"";"";"";"";"";"";"";"";"";"";"";"Fixed";"";"";"";"";"";"";
"R52";"4.7K";"R_CHIP-0402(1005-METRIC)";"RESC1005X40";"Resistor Fixed - Generic";"";"";"Resistor";"";"";"";"";"";"";"";"";"";"";"";"";"";"";"";"";"";"";"";"";"";"";"";"";"";"";"";"";"";"";"";"";"Fixed";"";"";"";"";"";"";
"R53";"10k";"R_CHIP-0402(1005-METRIC)";"RESC1005X40";"Resistor Fixed - Generic";"";"";"Resistor";"";"";"";"";"";"";"";"";"";"";"";"";"";"";"";"";"";"";"";"";"";"";"";"";"";"";"";"";"";"";"";"";"Fixed";"";"";"";"";"";"";
"R54";"10K";"R_CHIP-0402(1005-METRIC)";"RESC1005X40";"Resistor Fixed - Generic";"";"";"Resistor";"";"";"";"";"";"";"";"";"";"";"";"";"";"";"";"";"";"";"";"";"";"";"";"";"";"";"";"";"";"";"";"";"Fixed";"";"";"";"";"";"";
"R55";"10K";"R_CHIP-0402(1005-METRIC)";"RESC1005X40";"Resistor Fixed - Generic";"";"";"Resistor";"";"";"";"";"";"";"";"";"";"";"";"";"";"";"";"";"";"";"";"";"";"";"";"";"";"";"";"";"";"";"";"";"Fixed";"";"";"";"";"";"";
"R56";"10k";"R_CHIP-0402(1005-METRIC)";"RESC1005X40";"Resistor Fixed - Generic";"";"";"Resistor";"";"";"";"";"";"";"";"";"";"";"";"";"";"";"";"";"";"";"";"";"";"";"";"";"";"";"";"";"";"";"";"";"Fixed";"";"";"";"";"";"";
"R57";"0R";"R_CHIP-0402(1005-METRIC)";"RESC1005X40";"Resistor Fixed - Generic";"";"";"Resistor";"";"";"";"";"";"";"";"";"";"";"";"";"";"";"";"";"";"";"";"";"";"";"";"";"";"";"";"";"";"";"";"";"Fixed";"";"";"";"";"";"";
"R58";"10k";"R_CHIP-0402(1005-METRIC)";"RESC1005X40";"Resistor Fixed - Generic";"";"";"Resistor";"";"";"";"";"";"";"";"";"";"";"";"";"";"";"";"";"";"";"";"";"";"";"";"";"";"";"";"";"";"";"";"";"Fixed";"";"";"";"";"";"";
"R59";"10k";"R_CHIP-0402(1005-METRIC)";"RESC1005X40";"Resistor Fixed - Generic";"";"";"Resistor";"";"";"";"";"";"";"";"";"";"";"";"";"";"";"";"";"";"";"";"";"";"";"";"";"";"";"";"";"";"";"";"";"Fixed";"";"";"";"";"";"";
"R60";"10R";"R_CHIP-0402(1005-METRIC)";"RESC1005X40";"Resistor Fixed - Generic";"";"";"Resistor";"";"";"";"";"";"";"";"";"";"";"";"";"";"";"";"";"";"";"";"";"";"";"";"";"";"";"";"";"";"";"";"";"Fixed";"";"";"";"";"";"";
"R61";"10k";"R_CHIP-0402(1005-METRIC)";"RESC1005X40";"Resistor Fixed - Generic";"";"";"Resistor";"";"";"";"";"";"";"";"";"";"";"";"";"";"";"";"";"";"";"";"";"";"";"";"";"";"";"";"";"";"";"";"";"Fixed";"";"";"";"";"";"";
"R62";"10k";"R_CHIP-0402(1005-METRIC)";"RESC1005X40";"Resistor Fixed - Generic";"";"";"Resistor";"";"";"";"";"";"";"";"";"";"";"";"";"";"";"";"";"";"";"";"";"";"";"";"";"";"";"";"";"";"";"";"";"Fixed";"";"";"";"";"";"";
"R63";"10k";"R_CHIP-0402(1005-METRIC)";"RESC1005X40";"Resistor Fixed - Generic";"";"";"Resistor";"";"";"";"";"";"";"";"";"";"";"";"";"";"";"";"";"";"";"";"";"";"";"";"";"";"";"";"";"";"";"";"";"Fixed";"";"";"";"";"";"";
"R64";"33R";"R_CHIP-0402(1005-METRIC)";"RESC1005X40";"Resistor Fixed - Generic";"";"";"Resistor";"";"";"";"";"";"";"";"";"";"";"";"";"";"";"";"";"";"";"";"";"";"";"";"";"";"";"";"";"";"";"";"";"Fixed";"";"";"";"";"";"";
"R65";"33R";"R_CHIP-0402(1005-METRIC)";"RESC1005X40";"Resistor Fixed - Generic";"";"";"Resistor";"";"";"";"";"";"";"";"";"";"";"";"";"";"";"";"";"";"";"";"";"";"";"";"";"";"";"";"";"";"";"";"";"Fixed";"";"";"";"";"";"";
"R66";"10k";"R_CHIP-0402(1005-METRIC)";"RESC1005X40";"Resistor Fixed - Generic";"";"";"Resistor";"";"";"";"";"";"";"";"";"";"";"";"";"";"";"";"";"";"";"";"";"";"";"";"";"";"";"";"";"";"";"";"";"Fixed";"";"";"";"";"";"";
"R67";"4.7k";"R_CHIP-0603(1608-METRIC)";"RESC1608X60";"Resistor Fixed - Generic";"";"";"Resistor";"";"";"";"";"";"";"";"";"";"";"";"";"";"";"";"";"";"";"";"";"";"";"";"";"";"";"";"";"";"";"";"";"Fixed";"";"";"";"";"";"";
"R68";"10R";"R_CHIP-0402(1005-METRIC)";"RESC1005X40";"Resistor Fixed - Generic";"";"";"Resistor";"";"";"";"";"";"";"";"";"";"";"";"";"";"";"";"";"";"";"";"";"";"";"";"";"";"";"";"";"";"";"";"";"Fixed";"";"";"";"";"";"";
"R69";"33R";"R_CHIP-0402(1005-METRIC)";"RESC1005X40";"Resistor Fixed - Generic";"";"";"Resistor";"";"";"";"";"";"";"";"";"";"";"";"";"";"";"";"";"";"";"";"";"";"";"";"";"";"";"";"";"";"";"";"";"Fixed";"";"";"";"";"";"";
"R70";"10R";"R_CHIP-0402(1005-METRIC)";"RESC1005X40";"Resistor Fixed - Generic";"";"";"Resistor";"";"";"";"";"";"";"";"";"";"";"";"";"";"";"";"";"";"";"";"";"";"";"";"";"";"";"";"";"";"";"";"";"Fixed";"";"";"";"";"";"";
"R71";"0R";"R_CHIP-0603(1608-METRIC)";"RESC1608X60";"Resistor Fixed - Generic";"";"";"Resistor";"";"";"";"";"";"";"";"";"";"";"";"";"";"";"";"";"";"";"";"";"";"";"";"";"";"";"";"";"";"";"";"";"Fixed";"";"";"";"";"";"";
"R72";"10k";"R_CHIP-0402(1005-METRIC)";"RESC1005X40";"Resistor Fixed - Generic";"";"";"Resistor";"";"";"";"";"";"";"";"";"";"";"";"";"";"";"";"";"";"";"";"";"";"";"";"";"";"";"";"";"";"";"";"";"Fixed";"";"";"";"";"";"";
"R73";"10k";"R_CHIP-0402(1005-METRIC)";"RESC1005X40";"Resistor Fixed - Generic";"";"";"Resistor";"";"";"";"";"";"";"";"";"";"";"";"";"";"";"";"";"";"";"";"";"";"";"";"";"";"";"";"";"";"";"";"";"Fixed";"";"";"";"";"";"";
"R74";"0R";"R_CHIP-0603(1608-METRIC)";"RESC1608X60";"Resistor Fixed - Generic";"";"";"Resistor";"";"";"";"";"";"";"";"";"";"";"";"";"";"";"";"";"";"";"";"";"";"";"";"";"";"";"";"";"";"";"";"";"Fixed";"";"";"";"";"";"";
"R75";"10k";"R_CHIP-0402(1005-METRIC)";"RESC1005X40";"Resistor Fixed - Generic";"";"";"Resistor";"";"";"";"";"";"";"";"";"";"";"";"";"";"";"";"";"";"";"";"";"";"";"";"";"";"";"";"";"";"";"";"";"Fixed";"";"";"";"";"";"";
"R76";"33R";"R_CHIP-0402(1005-METRIC)";"RESC1005X40";"Resistor Fixed - Generic";"";"";"Resistor";"";"";"";"";"";"";"";"";"";"";"";"";"";"";"";"";"";"";"";"";"";"";"";"";"";"";"";"";"";"";"";"";"Fixed";"";"";"";"";"";"";
"R77";"10k";"R_CHIP-0402(1005-METRIC)";"RESC1005X40";"Resistor Fixed - Generic";"";"";"Resistor";"";"";"";"";"";"";"";"";"";"";"";"";"";"";"";"";"";"";"";"";"";"";"";"";"";"";"";"";"";"";"";"";"Fixed";"";"";"";"";"";"";
"R78";"4.7k";"R_CHIP-0603(1608-METRIC)";"RESC1608X60";"Resistor Fixed - Generic";"";"";"Resistor";"";"";"";"";"";"";"";"";"";"";"";"";"";"";"";"";"";"";"";"";"";"";"";"";"";"";"";"";"";"";"";"";"Fixed";"";"";"";"";"";"";
"R79";"10k";"R_CHIP-0402(1005-METRIC)";"RESC1005X40";"Resistor Fixed - Generic";"";"";"Resistor";"";"";"";"";"";"";"";"";"";"";"";"";"";"";"";"";"";"";"";"";"";"";"";"";"";"";"";"";"";"";"";"";"Fixed";"";"";"";"";"";"";
"R80";"10k";"R_CHIP-0402(1005-METRIC)";"RESC1005X40";"Resistor Fixed - Generic";"";"";"Resistor";"";"";"";"";"";"";"";"";"";"";"";"";"";"";"";"";"";"";"";"";"";"";"";"";"";"";"";"";"";"";"";"";"Fixed";"";"";"";"";"";"";
"R81";"10k";"R_CHIP-0402(1005-METRIC)";"RESC1005X40";"Resistor Fixed - Generic";"";"";"Resistor";"";"";"";"";"";"";"";"";"";"";"";"";"";"";"";"";"";"";"";"";"";"";"";"";"";"";"";"";"";"";"";"";"Fixed";"";"";"";"";"";"";
"R82";"10k";"R_CHIP-0402(1005-METRIC)";"RESC1005X40";"Resistor Fixed - Generic";"";"";"Resistor";"";"";"";"";"";"";"";"";"";"";"";"";"";"";"";"";"";"";"";"";"";"";"";"";"";"";"";"";"";"";"";"";"Fixed";"";"";"";"";"";"";
"R83";"10k";"R_CHIP-0402(1005-METRIC)";"RESC1005X40";"Resistor Fixed - Generic";"";"";"Resistor";"";"";"";"";"";"";"";"";"";"";"";"";"";"";"";"";"";"";"";"";"";"";"";"";"";"";"";"";"";"";"";"";"Fixed";"";"";"";"";"";"";
"R84";"10k";"R_CHIP-0402(1005-METRIC)";"RESC1005X40";"Resistor Fixed - Generic";"";"";"Resistor";"";"";"";"";"";"";"";"";"";"";"";"";"";"";"";"";"";"";"";"";"";"";"";"";"";"";"";"";"";"";"";"";"Fixed";"";"";"";"";"";"";
"R85";"10k";"R_CHIP-0402(1005-METRIC)";"RESC1005X40";"Resistor Fixed - Generic";"";"";"Resistor";"";"";"";"";"";"";"";"";"";"";"";"";"";"";"";"";"";"";"";"";"";"";"";"";"";"";"";"";"";"";"";"";"Fixed";"";"";"";"";"";"";
"R86";"33R";"R_CHIP-0402(1005-METRIC)";"RESC1005X40";"Resistor Fixed - Generic";"";"";"Resistor";"";"";"";"";"";"";"";"";"";"";"";"";"";"";"";"";"";"";"";"";"";"";"";"";"";"";"";"";"";"";"";"";"Fixed";"";"";"";"";"";"";
"R87";"0R";"R_CHIP-0402(1005-METRIC)";"RESC1005X40";"Resistor Fixed - Generic";"";"";"Resistor";"";"";"";"";"";"";"";"";"";"";"";"";"";"";"";"";"";"";"";"";"";"";"";"";"";"";"";"";"";"";"";"";"Fixed";"";"";"";"";"";"";
"R88";"10k";"R_CHIP-0402(1005-METRIC)";"RESC1005X40";"Resistor Fixed - Generic";"";"";"Resistor";"";"";"";"";"";"";"";"";"";"";"";"";"";"";"";"";"";"";"";"";"";"";"";"";"";"";"";"";"";"";"";"";"Fixed";"";"";"";"";"";"";
"R89";"49.9R";"R_CHIP-0402(1005-METRIC)";"RESC1005X40";"Resistor Fixed - Generic";"";"";"Resistor";"";"";"";"";"";"";"";"";"";"";"";"";"";"";"";"";"";"";"";"";"";"";"";"";"";"";"";"";"";"";"";"";"Fixed";"";"";"";"";"";"";
"S1";"";"MOMENTARY-SWITCH-SPST-2-SMD-4.6X2.8MM";"TACTILE_SWITCH_SMD_4.6X2.8MM";"Momentary Switch (Pushbutton) - SPST - Two Circuits";"";"";"";"";"";"";"";"";"";"";"";"";"";"";"";"";"";"";"";"";"";"";"";"";"";"";"";"";"SWCH-13065";"";"";"";"";"";"";"";"";"";"";"";"";"";
"S4";"";"MOMENTARY-SWITCH-SPST-2-SMD-4.6X2.8MM";"TACTILE_SWITCH_SMD_4.6X2.8MM";"Momentary Switch (Pushbutton) - SPST - Two Circuits";"";"";"";"";"";"";"";"";"";"";"";"";"";"";"";"";"";"";"";"";"";"";"";"";"";"";"";"";"SWCH-13065";"";"";"";"";"";"";"";"";"";"";"";"";"";
"U$1";"AM335_EX";"AM335_EX";"AM3354_SMALL_PADS";"";"";"";"";"";"";"";"";"";"";"";"";"";"";"";"";"";"";"";"";"";"";"";"";"";"";"";"";"";"";"";"";"";"";"";"";"";"";"";"";"";"";"";
"U$2";"MICROSD";"MICROSD";"MICROSD";"Micro-SD / Transflash card holder with SPI pinout";"";"";"";"";"";"";"";"";"";"";"";"";"";"";"";"";"";"";"";"";"";"";"";"";"";"";"";"";"";"";"";"";"";"";"";"";"";"";"";"";"";"";
"U$3";"30POS";"30POS";"30-POS";"";"";"";"";"";"";"";"";"";"";"";"";"";"";"";"";"";"";"";"";"";"";"";"";"";"";"";"";"";"";"";"";"";"";"";"";"";"";"";"";"";"";"";
"U$4";"FBCHIP-0603(1608-METRIC)";"FBCHIP-0603(1608-METRIC)";"BEADC1608X95N";"Ferrite Bead - Generic";"";"";"Filter";"";"";"";"";"";"";"";"";"";"";"";"";"";"";"";"";"";"";"";"";"";"";"";"";"";"";"";"";"";"";"";"";"Ferrite bead";"";"";"";"";"";"";
"U1";"TDA19988BHN/C1,557";"TDA19988BHN/C1,557";"QFN50P900X900X100-65N";"Video IC 64-HVQFN (9x9) Package";"https://snapeda.com/shop?store=Arrow+Electronics&id=526020";"";"";"";"";"";" Video Transmitter IC IÂ²S HDMI 1.4a, ITU656 64-HVQFN (9x9) Package ";"568-12059-ND";"https://snapeda.com/shop?store=DigiKey&id=526020";"";"";"";"";"";"";"";"NXP USA";"https://snapeda.com/shop?store=Mouser&id=526020";"TDA19988BHN/C1,557";"";"";"";"";"HVQFN-64 NXP Semiconductors";"";"";"";"";"";"";"";"";"";"";"";"";"";"";"";"";"";"";
"U2";"TPS2051D";"TPS2051D";"D8_TEX";"";"";"EMA_UL_Team";"";"";"";"";"";"";"";"";"";"";"";"";"Texas Instruments";"TPS2051D";"";"";"";"";"";"";"";"";"";"";"";"";"";"";"";"";"";"";"TI_2015-1-6";"";"";"";"";"";"Texas Instruments";"";
"U3";"TPS65217ARSLR";"TPS65217ARSLR";"RSL48_4P05X4P05";"";"";"";"";"";"";"";"";"";"";"";"";"";"";"";"";"TPS65217ARSLR";"";"";"";"";"";"";"";"";"";"";"";"";"";"";"";"";"";"";"";"";"";"";"";"";"TEXAS INSTRUMENTS";"";
"U4";"LAN8710AI-EZK-TR";"LAN8710AI-EZK-TR";"QFN32_5X5MC_MCH";"";"";"EMA_Jessica";"";"Copyright (C) 2018 Accelerated Designs. All rights reserved";"";"";"";"";"";"";"";"";"";"";"";"LAN8710AI-EZK-TR";"";"";"";"";"";"";"";"";"";"";"";"";"";"";"";"";"";"";"Microchip_2019-08-23_2";"";"";"";"";"";"Microchip";"";
"U5";"MT41K256M16HA-125:E";"MT41K256M16HA-125:E";"FBGA96_9X14_MRN";"";"";"EMA_Jessica";"";"Copyright (C) 2016 Accelerated Designs. All rights reserved";"";"";"";"";"";"";"";"";"";"";"";"MT41K256M16HA-125:E";"";"";"";"";"";"";"";"";"";"";"";"";"";"";"";"";"";"";"Micron_2018-04-06";"";"";"";"";"";"Micron";"";
"U6";"3.3V";"V_REG_AP2112K-3.3V";"SOT23-5";"AP2112 - 600mA CMOS LDO Regulator w/ Enable";"";"";"";"";"";"";"";"";"";"";"";"";"";"";"";"";"";"";"";"";"";"";"";"";"";"";"";"";"VREG-12457";"";"";"";"";"";"";"";"";"";"";"3.3V";"";"";
"U7";"DSC1003CI2-050.0000";"DSC1003CI2-050.0000";"CDFN4_3P2X2P5_MCH";"";"";"EMA_Jessica";"";"Copyright (C) 2018 Accelerated Designs. All rights reserved";"";"";"";"";"";"";"";"";"";"";"";"DSC1003CI2-050.0000";"";"";"";"";"";"";"";"";"";"";"";"";"";"";"";"";"";"";"Microchip_2019-08-23_23";"";"";"";"";"";"Microchip";"";
"U8";"SN74LVC1G07DRLR";"SN74LVC1G07DRLR";"DRL5";"";"";"";"";"";"";"http://www.ti.com/lit/gpn/SN74LVC1G07";"Single Buffer/Driver With Open-Drain Output";"";"";"LL BUFFER AND DRIVER WITH OPEN-DRAIN OUTPUT";"";"SN74LVC1G07";"";"SOT";"Texas Instruments";"SN74LVC1G07DRLR";"";"";"";"";"";"";"";"";"DRL";"";"5";"";"";"";"";"";"";"";"";"";"";"";"";"";"Texas Instruments";"";
"U9";"DSC1003CI2-050.0000";"DSC1003CI2-050.0000";"CDFN4_3P2X2P5_MCH";"";"";"EMA_Jessica";"";"Copyright (C) 2018 Accelerated Designs. All rights reserved";"";"";"";"";"";"";"";"";"";"";"";"DSC1003CI2-050.0000";"";"";"";"";"";"";"";"";"";"";"";"";"";"";"";"";"";"";"Microchip_2019-08-23_23";"";"";"";"";"";"Microchip";"";
"U10";"SN74LVC1G07DRLR";"SN74LVC1G07DRLR";"DRL5";"";"";"";"";"";"";"http://www.ti.com/lit/gpn/SN74LVC1G07";"Single Buffer/Driver With Open-Drain Output";"";"";"LL BUFFER AND DRIVER WITH OPEN-DRAIN OUTPUT";"";"SN74LVC1G07";"";"SOT";"Texas Instruments";"SN74LVC1G07DRLR";"";"";"";"";"";"";"";"";"DRL";"";"5";"";"";"";"";"";"";"";"";"";"";"";"";"";"Texas Instruments";"";
"X1";"";"GHI-CONNECTORS_10118192-0001LF";"GHI-CONNECTORS_10118192-0001LF(MICRO-USB-B-AMPHENOL-FCI)";"Amphenol FCI Micro USB Type B Complete Surface Mount (SMT) no guide holes";"";"";"";"";"";"";"";"";"";"";"";"";"";"";"";"";"";"";"";"";"";"";"";"";"";"";"";"";"";"";"";"";"";"";"";"";"";"";"";"";"";"";
"Y1";"ASDMB-24.576MHZ-LC-T";"ASDMB-24.576MHZ-LC-T";"ASDMB";"";"";"EMA_UL_Team";"";"";"";"";"";"";"";"";"";"";"";"";"";"ASDMB-24.576MHZ-LC-T";"";"";"";"";"";"";"";"";"";"";"";"";"";"";"";"";"";"";"Abracon_2012_11_16_ASDMB_Series";"";"";"";"";"";"Abracon";"";
"Y2";"32.768kHz";"CRYSTAL-32.768KHZSMD-3.2X1.5";"CRYSTAL-SMD-3.2X1.5MM";"32.768kHz Crystal";"";"";"";"";"";"";"";"";"";"";"";"";"";"";"";"";"";"";"";"";"";"";"";"";"";"";"";"";"XTAL-13062";"";"";"";"";"";"";"";"";"";"";"32.768kHz";"";"";
